ip,latitude,longitude,label
103.144.28.127,34.05223,-118.24368,solar
104.173.154.39,34.06334,-117.65089,solar
104.174.47.19,33.78252,-117.22865,solar
104.174.76.164,33.83585,-118.34063,solar
104.192.91.118,37.5014,-118.4048,solar
104.192.91.126,37.5014,-118.4048,solar
104.192.91.86,37.5014,-118.4048,solar
104.194.68.100,34.05223,-118.24368,solar
104.194.69.215,34.05223,-118.24368,solar
104.220.27.72,38.79073,-121.23578,solar
104.221.233.92,33.76696,-118.18923,solar
104.224.152.121,34.05223,-118.24368,solar
104.224.157.21,34.05223,-118.24368,solar
104.225.148.244,34.05223,-118.24368,solar
104.225.149.35,34.05223,-118.24368,solar
104.225.235.130,34.05223,-118.24368,solar
104.233.202.125,37.33939,-121.89496,solar
104.234.36.209,34.05223,-118.24368,solar
104.236.159.193,37.77493,-122.41942,solar
104.243.18.192,34.05223,-118.24368,solar
104.247.143.14,36.20773,-119.34734,solar
104.247.149.54,36.33023,-119.29206,solar
104.247.151.10,35.96856,-119.29178,solar
104.247.151.155,36.0594,-119.31206,solar
104.247.151.2,36.0594,-119.31206,solar
104.248.176.173,37.35411,-121.95524,solar
104.248.183.153,37.35411,-121.95524,solar
104.250.128.35,34.05223,-118.24368,solar
104.250.128.38,34.05223,-118.24368,solar
104.33.226.170,34.16028,-118.65231,solar
104.36.252.2,37.66882,-122.0808,solar
104.42.199.6,37.33939,-121.89496,solar
104.45.239.135,37.33939,-121.89496,solar
104.58.248.63,34.18084,-118.30897,solar
104.6.120.137,36.60024,-121.89468,solar
107.127.250.154,37.33939,-121.89496,solar
107.138.144.158,37.38605,-122.08385,solar
107.148.177.78,34.05223,-118.24368,solar
107.149.141.211,34.05223,-118.24368,solar
107.150.25.111,34.05223,-118.24368,solar
107.152.47.189,34.1214,-118.10646,solar
107.170.213.49,37.77493,-122.41942,solar
107.170.240.221,37.77493,-122.41942,solar
107.174.85.153,34.05223,-118.24368,solar
107.175.233.111,34.05223,-118.24368,solar
107.201.133.249,34.44361,-118.60953,solar
107.220.67.53,33.66946,-117.82311,solar
107.241.66.139,37.54827,-121.98857,solar
107.241.66.157,37.54827,-121.98857,solar
107.241.66.208,37.54827,-121.98857,solar
107.3.161.28,37.323,-122.03218,solar
107.84.188.126,37.45383,-122.18219,solar
107.84.188.180,37.45383,-122.18219,solar
107.84.188.185,37.45383,-122.18219,solar
107.84.189.187,37.45383,-122.18219,solar
107.84.189.54,37.45383,-122.18219,solar
107.89.207.59,37.33939,-121.89496,solar
108.146.88.146,37.33939,-121.89496,solar
108.146.88.204,37.33939,-121.89496,solar
108.146.88.206,37.33939,-121.89496,solar
108.146.88.207,37.33939,-121.89496,solar
108.160.75.56,36.72356,-120.05988,solar
108.160.78.210,36.74773,-119.77237,solar
108.221.20.37,37.33939,-121.89496,solar
108.238.132.252,37.36883,-122.03635,solar
12.157.192.179,35.07887,-120.54267,solar
12.160.169.122,37.49466,-120.84659,solar
12.167.102.143,38.54491,-121.74052,solar
12.167.102.164,38.54491,-121.74052,solar
12.219.142.130,34.06251,-118.12285,solar
12.238.11.99,36.96134,-120.06072,solar
12.27.214.157,38.58157,-121.4944,solar
12.35.240.242,36.70801,-119.55597,solar
128.199.12.160,37.35411,-121.95524,solar
13.52.240.55,37.33939,-121.89496,solar
13.56.150.239,37.33939,-121.89496,solar
13.56.179.127,37.33939,-121.89496,solar
13.56.41.37,37.33939,-121.89496,solar
13.56.78.187,37.33939,-121.89496,solar
13.57.108.164,37.33939,-121.89496,solar
13.57.138.116,37.33939,-121.89496,solar
13.57.189.188,37.33939,-121.89496,solar
13.57.189.5,37.33939,-121.89496,solar
13.57.200.166,37.33939,-121.89496,solar
13.57.235.201,37.33939,-121.89496,solar
13.57.50.79,37.33939,-121.89496,solar
13.57.52.63,37.33939,-121.89496,solar
134.209.140.119,37.35411,-121.95524,solar
134.209.140.182,37.35411,-121.95524,solar
135.180.108.37,37.77493,-122.41942,solar
135.180.134.186,37.77493,-122.41942,solar
135.84.100.150,37.44188,-122.14302,solar
136.179.13.40,34.0239,-118.17202,solar
136.24.139.241,37.80437,-122.2708,solar
136.25.120.77,37.77493,-122.41942,solar
136.25.128.40,37.80437,-122.2708,solar
136.26.0.80,32.71571,-117.16472,solar
136.26.69.18,32.71571,-117.16472,solar
136.26.69.201,32.71571,-117.16472,solar
136.26.69.4,32.71571,-117.16472,solar
136.52.190.84,33.66946,-117.82311,solar
136.52.64.252,33.74585,-117.82617,solar
137.175.102.111,37.33939,-121.89496,solar
137.184.180.160,37.35411,-121.95524,solar
137.184.186.150,37.35411,-121.95524,solar
137.184.224.108,37.35411,-121.95524,solar
137.184.3.109,37.35411,-121.95524,solar
138.128.193.254,37.33939,-121.89496,solar
138.128.222.219,34.05223,-118.24368,solar
138.197.211.92,37.35411,-121.95524,solar
138.197.236.194,37.35411,-121.95524,solar
138.68.243.224,37.35411,-121.95524,solar
138.68.249.131,37.35411,-121.95524,solar
140.188.137.201,37.33939,-121.89496,solar
140.82.51.26,37.35411,-121.95524,solar
142.129.169.185,33.87529,-117.56644,solar
142.171.168.244,34.05223,-118.24368,solar
142.171.169.122,34.05223,-118.24368,solar
142.171.21.121,34.05223,-118.24368,solar
142.171.247.25,34.05223,-118.24368,solar
142.171.34.229,34.05223,-118.24368,solar
142.171.66.226,34.05223,-118.24368,solar
142.171.73.221,34.05223,-118.24368,solar
142.171.76.12,34.05223,-118.24368,solar
142.93.30.213,37.35411,-121.95524,solar
142.93.80.189,37.35411,-121.95524,solar
142.93.91.97,37.35411,-121.95524,solar
142.93.94.228,37.35411,-121.95524,solar
142.93.94.229,37.35411,-121.95524,solar
143.110.155.120,37.35411,-121.95524,solar
143.110.155.126,37.35411,-121.95524,solar
143.110.233.188,37.35411,-121.95524,solar
143.198.104.214,37.35411,-121.95524,solar
143.198.135.170,37.35411,-121.95524,solar
143.198.145.32,37.35411,-121.95524,solar
143.198.149.2,37.35411,-121.95524,solar
143.198.154.24,37.35411,-121.95524,solar
143.198.156.62,37.35411,-121.95524,solar
143.198.227.61,37.35411,-121.95524,solar
143.198.234.14,37.35411,-121.95524,solar
143.198.70.249,37.35411,-121.95524,solar
143.244.181.80,37.35411,-121.95524,solar
143.244.191.243,37.35411,-121.95524,solar
144.126.210.236,37.35411,-121.95524,solar
144.126.214.89,37.35411,-121.95524,solar
144.202.117.173,34.05223,-118.24368,solar
144.202.121.157,34.05223,-118.24368,solar
144.202.122.102,34.05223,-118.24368,solar
144.208.71.11,34.05223,-118.24368,solar
144.34.167.194,34.05223,-118.24368,solar
144.34.210.249,34.05223,-118.24368,solar
144.34.221.87,34.05223,-118.24368,solar
144.34.224.53,34.05223,-118.24368,solar
146.190.12.120,37.35411,-121.95524,solar
146.190.144.149,37.35411,-121.95524,solar
146.190.15.122,37.35411,-121.95524,solar
146.190.151.144,37.35411,-121.95524,solar
146.190.167.243,37.35411,-121.95524,solar
146.190.168.176,37.35411,-121.95524,solar
146.190.56.110,37.35411,-121.95524,solar
146.71.118.220,34.05223,-118.24368,solar
147.182.228.219,37.35411,-121.95524,solar
147.182.235.225,37.35411,-121.95524,solar
147.182.244.174,37.35411,-121.95524,solar
148.135.106.236,34.05223,-118.24368,solar
148.135.107.71,34.05223,-118.24368,solar
148.135.14.226,34.05223,-118.24368,solar
148.135.14.227,34.05223,-118.24368,solar
148.135.14.229,34.05223,-118.24368,solar
148.135.73.6,34.05223,-118.24368,solar
148.135.74.174,34.05223,-118.24368,solar
148.135.89.121,34.05223,-118.24368,solar
148.135.91.163,34.05223,-118.24368,solar
148.59.208.228,37.64132,-120.76048,solar
148.59.59.92,37.35411,-121.95524,solar
149.248.5.167,34.05223,-118.24368,solar
149.248.9.157,34.05223,-118.24368,solar
152.67.225.100,37.33939,-121.89496,solar
152.70.113.153,37.33939,-121.89496,solar
154.19.242.222,34.05223,-118.24368,solar
154.201.77.92,34.05223,-118.24368,solar
154.219.125.176,34.05223,-118.24368,solar
154.39.83.76,34.05223,-118.24368,solar
154.9.233.183,34.05223,-118.24368,solar
156.232.10.221,34.05223,-118.24368,solar
156.238.226.201,34.05223,-118.24368,solar
156.47.249.23,38.58157,-121.4944,solar
157.131.72.133,37.77493,-122.41942,solar
157.230.128.108,37.35411,-121.95524,solar
157.245.170.86,37.35411,-121.95524,solar
157.245.224.243,37.35411,-121.95524,solar
159.198.74.157,34.05223,-118.24368,solar
159.65.74.44,37.35411,-121.95524,solar
159.89.132.7,37.35411,-121.95524,solar
159.89.148.78,37.35411,-121.95524,solar
162.199.185.63,32.71571,-117.16472,solar
162.218.152.148,34.01223,-117.68894,solar
162.220.10.97,34.05223,-118.24368,solar
162.234.56.5,34.05223,-118.24368,solar
162.243.139.61,37.77493,-122.41942,solar
162.247.62.2,35.28275,-120.65962,solar
162.251.124.75,37.33939,-121.89496,solar
162.251.63.120,34.05223,-118.24368,solar
162.251.63.78,34.05223,-118.24368,solar
162.254.34.155,34.05223,-118.24368,solar
164.90.156.17,37.35411,-121.95524,solar
164.90.159.67,37.35411,-121.95524,solar
164.92.115.120,37.35411,-121.95524,solar
164.92.75.55,37.35411,-121.95524,solar
165.1.70.10,37.33939,-121.89496,solar
165.22.129.10,37.35411,-121.95524,solar
165.22.155.70,37.35411,-121.95524,solar
165.227.56.222,37.35411,-121.95524,solar
165.232.135.136,37.35411,-121.95524,solar
165.232.136.89,37.35411,-121.95524,solar
165.232.50.60,37.35411,-121.95524,solar
166.130.89.69,38.93129,-121.08189,solar
166.139.102.137,37.36883,-122.03635,solar
166.139.106.195,37.36883,-122.03635,solar
166.139.111.83,37.36883,-122.03635,solar
166.139.113.103,37.36883,-122.03635,solar
166.139.113.106,37.36883,-122.03635,solar
166.139.113.177,37.36883,-122.03635,solar
166.139.113.179,37.36883,-122.03635,solar
166.139.113.185,37.36883,-122.03635,solar
166.139.113.186,37.36883,-122.03635,solar
166.139.113.187,37.36883,-122.03635,solar
166.139.113.188,37.36883,-122.03635,solar
166.139.113.189,37.36883,-122.03635,solar
166.139.113.190,37.36883,-122.03635,solar
166.139.113.9,37.36883,-122.03635,solar
166.139.116.120,37.36883,-122.03635,solar
166.139.116.87,37.36883,-122.03635,solar
166.139.116.89,37.36883,-122.03635,solar
166.139.116.90,37.36883,-122.03635,solar
166.139.117.107,37.36883,-122.03635,solar
166.139.117.133,37.36883,-122.03635,solar
166.139.117.218,37.36883,-122.03635,solar
166.139.118.39,37.36883,-122.03635,solar
166.139.118.45,37.36883,-122.03635,solar
166.139.118.46,37.36883,-122.03635,solar
166.139.118.47,37.36883,-122.03635,solar
166.139.118.48,37.36883,-122.03635,solar
166.139.118.50,37.36883,-122.03635,solar
166.139.118.52,37.36883,-122.03635,solar
166.139.118.53,37.36883,-122.03635,solar
166.139.118.54,37.36883,-122.03635,solar
166.139.118.55,37.36883,-122.03635,solar
166.139.118.57,37.36883,-122.03635,solar
166.139.118.58,37.36883,-122.03635,solar
166.139.118.59,37.36883,-122.03635,solar
166.139.118.60,37.36883,-122.03635,solar
166.139.118.61,37.36883,-122.03635,solar
166.139.118.62,37.36883,-122.03635,solar
166.139.118.63,37.36883,-122.03635,solar
166.139.119.87,37.36883,-122.03635,solar
166.139.125.56,37.36883,-122.03635,solar
166.139.99.126,37.36883,-122.03635,solar
166.139.99.153,37.36883,-122.03635,solar
166.140.1.19,37.36883,-122.03635,solar
166.140.1.21,37.36883,-122.03635,solar
166.140.1.22,37.36883,-122.03635,solar
166.140.103.174,37.36883,-122.03635,solar
166.140.103.175,37.36883,-122.03635,solar
166.140.103.177,37.36883,-122.03635,solar
166.140.103.180,37.36883,-122.03635,solar
166.140.103.181,37.36883,-122.03635,solar
166.140.103.182,37.36883,-122.03635,solar
166.140.104.217,37.36883,-122.03635,solar
166.140.11.246,37.36883,-122.03635,solar
166.140.11.248,37.36883,-122.03635,solar
166.140.12.116,37.36883,-122.03635,solar
166.140.123.172,37.36883,-122.03635,solar
166.140.124.162,37.36883,-122.03635,solar
166.140.124.165,37.36883,-122.03635,solar
166.140.124.166,37.36883,-122.03635,solar
166.140.133.98,37.36883,-122.03635,solar
166.140.142.105,37.36883,-122.03635,solar
166.140.164.3,37.36883,-122.03635,solar
166.140.169.124,37.36883,-122.03635,solar
166.140.169.128,37.36883,-122.03635,solar
166.140.174.128,37.36883,-122.03635,solar
166.140.174.18,37.36883,-122.03635,solar
166.140.176.113,37.36883,-122.03635,solar
166.140.176.116,37.36883,-122.03635,solar
166.140.176.68,37.36883,-122.03635,solar
166.140.178.114,37.36883,-122.03635,solar
166.140.178.150,37.36883,-122.03635,solar
166.140.178.218,37.36883,-122.03635,solar
166.140.188.153,37.36883,-122.03635,solar
166.140.192.41,37.36883,-122.03635,solar
166.140.192.52,37.36883,-122.03635,solar
166.140.192.95,37.36883,-122.03635,solar
166.140.2.60,37.36883,-122.03635,solar
166.140.203.115,37.36883,-122.03635,solar
166.140.208.1,37.36883,-122.03635,solar
166.140.209.211,37.36883,-122.03635,solar
166.140.209.63,37.36883,-122.03635,solar
166.140.211.35,37.36883,-122.03635,solar
166.140.211.93,37.36883,-122.03635,solar
166.140.211.94,37.36883,-122.03635,solar
166.140.211.95,37.36883,-122.03635,solar
166.140.211.96,37.36883,-122.03635,solar
166.140.211.97,37.36883,-122.03635,solar
166.140.211.98,37.36883,-122.03635,solar
166.140.213.46,37.36883,-122.03635,solar
166.140.215.145,37.36883,-122.03635,solar
166.140.215.148,37.36883,-122.03635,solar
166.140.23.31,37.36883,-122.03635,solar
166.140.231.14,37.36883,-122.03635,solar
166.140.238.181,37.36883,-122.03635,solar
166.140.27.26,37.36883,-122.03635,solar
166.140.30.147,37.36883,-122.03635,solar
166.140.30.150,37.36883,-122.03635,solar
166.140.38.114,37.36883,-122.03635,solar
166.140.38.115,37.36883,-122.03635,solar
166.140.38.116,37.36883,-122.03635,solar
166.140.4.6,37.36883,-122.03635,solar
166.140.47.185,37.36883,-122.03635,solar
166.140.48.41,37.36883,-122.03635,solar
166.140.48.51,37.36883,-122.03635,solar
166.140.48.54,37.36883,-122.03635,solar
166.140.49.116,37.36883,-122.03635,solar
166.140.57.144,37.36883,-122.03635,solar
166.140.57.171,37.36883,-122.03635,solar
166.140.57.173,37.36883,-122.03635,solar
166.140.69.18,37.36883,-122.03635,solar
166.140.73.198,37.36883,-122.03635,solar
166.140.73.199,37.36883,-122.03635,solar
166.140.77.67,37.36883,-122.03635,solar
166.140.79.137,37.36883,-122.03635,solar
166.140.79.144,37.36883,-122.03635,solar
166.140.87.205,37.36883,-122.03635,solar
166.140.9.123,37.36883,-122.03635,solar
166.140.9.152,37.36883,-122.03635,solar
166.140.93.182,37.36883,-122.03635,solar
166.144.105.178,37.36883,-122.03635,solar
166.144.105.182,37.36883,-122.03635,solar
166.144.105.187,37.36883,-122.03635,solar
166.144.112.74,37.36883,-122.03635,solar
166.144.112.77,37.36883,-122.03635,solar
166.144.112.85,37.36883,-122.03635,solar
166.144.113.151,37.36883,-122.03635,solar
166.144.118.245,37.36883,-122.03635,solar
166.144.118.247,37.36883,-122.03635,solar
166.144.118.253,37.36883,-122.03635,solar
166.144.119.13,37.36883,-122.03635,solar
166.144.119.14,37.36883,-122.03635,solar
166.144.119.17,37.36883,-122.03635,solar
166.144.119.2,37.36883,-122.03635,solar
166.144.119.20,37.36883,-122.03635,solar
166.144.121.58,37.36883,-122.03635,solar
166.144.121.63,37.36883,-122.03635,solar
166.144.121.66,37.36883,-122.03635,solar
166.144.128.76,37.36883,-122.03635,solar
166.144.131.46,37.36883,-122.03635,solar
166.144.133.143,37.36883,-122.03635,solar
166.144.133.150,37.36883,-122.03635,solar
166.144.133.163,37.36883,-122.03635,solar
166.144.133.170,37.36883,-122.03635,solar
166.144.133.178,37.36883,-122.03635,solar
166.144.133.183,37.36883,-122.03635,solar
166.144.14.141,37.36883,-122.03635,solar
166.144.14.142,37.36883,-122.03635,solar
166.144.14.144,37.36883,-122.03635,solar
166.144.14.149,37.36883,-122.03635,solar
166.144.14.150,37.36883,-122.03635,solar
166.144.146.142,37.36883,-122.03635,solar
166.144.146.143,37.36883,-122.03635,solar
166.144.158.20,37.36883,-122.03635,solar
166.144.161.30,37.36883,-122.03635,solar
166.144.167.76,37.36883,-122.03635,solar
166.144.174.253,37.36883,-122.03635,solar
166.144.174.34,37.36883,-122.03635,solar
166.144.174.45,37.36883,-122.03635,solar
166.144.174.55,37.36883,-122.03635,solar
166.144.174.57,37.36883,-122.03635,solar
166.144.174.61,37.36883,-122.03635,solar
166.144.174.65,37.36883,-122.03635,solar
166.144.174.66,37.36883,-122.03635,solar
166.144.174.69,37.36883,-122.03635,solar
166.144.174.71,37.36883,-122.03635,solar
166.144.174.73,37.36883,-122.03635,solar
166.144.174.77,37.36883,-122.03635,solar
166.144.174.78,37.36883,-122.03635,solar
166.144.174.82,37.36883,-122.03635,solar
166.144.174.83,37.36883,-122.03635,solar
166.144.174.84,37.36883,-122.03635,solar
166.144.176.8,37.36883,-122.03635,solar
166.144.177.223,37.36883,-122.03635,solar
166.144.177.244,37.36883,-122.03635,solar
166.144.18.242,37.36883,-122.03635,solar
166.144.18.244,37.36883,-122.03635,solar
166.144.18.245,37.36883,-122.03635,solar
166.144.18.246,37.36883,-122.03635,solar
166.144.191.26,37.36883,-122.03635,solar
166.144.191.27,37.36883,-122.03635,solar
166.144.197.26,37.36883,-122.03635,solar
166.144.201.82,37.36883,-122.03635,solar
166.144.204.24,37.36883,-122.03635,solar
166.144.204.25,37.36883,-122.03635,solar
166.144.204.30,37.36883,-122.03635,solar
166.144.204.31,37.36883,-122.03635,solar
166.144.211.73,37.36883,-122.03635,solar
166.144.223.243,37.36883,-122.03635,solar
166.144.223.246,37.36883,-122.03635,solar
166.144.223.253,37.36883,-122.03635,solar
166.144.223.31,37.36883,-122.03635,solar
166.144.224.10,37.36883,-122.03635,solar
166.144.224.5,37.36883,-122.03635,solar
166.144.224.6,37.36883,-122.03635,solar
166.144.224.7,37.36883,-122.03635,solar
166.144.224.9,37.36883,-122.03635,solar
166.144.228.163,37.36883,-122.03635,solar
166.144.228.237,37.36883,-122.03635,solar
166.144.229.205,37.36883,-122.03635,solar
166.144.229.206,37.36883,-122.03635,solar
166.144.229.207,37.36883,-122.03635,solar
166.144.229.209,37.36883,-122.03635,solar
166.144.229.210,37.36883,-122.03635,solar
166.144.229.211,37.36883,-122.03635,solar
166.144.229.25,37.36883,-122.03635,solar
166.144.244.217,37.36883,-122.03635,solar
166.144.244.219,37.36883,-122.03635,solar
166.144.244.58,37.36883,-122.03635,solar
166.144.244.59,37.36883,-122.03635,solar
166.144.244.61,37.36883,-122.03635,solar
166.144.248.214,37.36883,-122.03635,solar
166.144.250.132,37.36883,-122.03635,solar
166.144.250.133,37.36883,-122.03635,solar
166.144.250.140,37.36883,-122.03635,solar
166.144.250.19,37.36883,-122.03635,solar
166.144.3.95,37.36883,-122.03635,solar
166.144.32.159,37.36883,-122.03635,solar
166.144.39.218,37.36883,-122.03635,solar
166.144.53.236,37.36883,-122.03635,solar
166.144.53.239,37.36883,-122.03635,solar
166.144.58.203,37.36883,-122.03635,solar
166.144.61.138,37.36883,-122.03635,solar
166.144.61.139,37.36883,-122.03635,solar
166.144.61.140,37.36883,-122.03635,solar
166.144.61.141,37.36883,-122.03635,solar
166.144.61.143,37.36883,-122.03635,solar
166.144.61.144,37.36883,-122.03635,solar
166.144.61.145,37.36883,-122.03635,solar
166.144.61.146,37.36883,-122.03635,solar
166.144.61.158,37.36883,-122.03635,solar
166.144.66.21,37.36883,-122.03635,solar
166.144.67.60,37.36883,-122.03635,solar
166.144.67.68,37.36883,-122.03635,solar
166.144.7.184,37.36883,-122.03635,solar
166.144.7.186,37.36883,-122.03635,solar
166.144.7.196,37.36883,-122.03635,solar
166.144.7.201,37.36883,-122.03635,solar
166.144.7.204,37.36883,-122.03635,solar
166.144.71.26,37.36883,-122.03635,solar
166.144.71.34,37.36883,-122.03635,solar
166.144.71.38,37.36883,-122.03635,solar
166.144.71.39,37.36883,-122.03635,solar
166.144.71.40,37.36883,-122.03635,solar
166.144.75.217,37.36883,-122.03635,solar
166.144.79.100,37.36883,-122.03635,solar
166.147.143.157,37.36883,-122.03635,solar
166.147.151.180,37.36883,-122.03635,solar
166.147.155.10,37.36883,-122.03635,solar
166.147.155.161,37.36883,-122.03635,solar
166.147.159.128,37.36883,-122.03635,solar
166.147.159.178,37.36883,-122.03635,solar
166.147.159.212,37.36883,-122.03635,solar
166.147.164.123,37.36883,-122.03635,solar
166.147.165.253,37.36883,-122.03635,solar
166.147.179.132,37.36883,-122.03635,solar
166.147.179.133,37.36883,-122.03635,solar
166.147.179.233,37.36883,-122.03635,solar
166.147.180.13,37.36883,-122.03635,solar
166.147.183.42,37.36883,-122.03635,solar
166.147.183.47,37.36883,-122.03635,solar
166.147.183.50,37.36883,-122.03635,solar
166.147.196.223,37.36883,-122.03635,solar
166.147.196.225,37.36883,-122.03635,solar
166.147.196.226,37.36883,-122.03635,solar
166.147.196.228,37.36883,-122.03635,solar
166.147.196.229,37.36883,-122.03635,solar
166.147.196.231,37.36883,-122.03635,solar
166.147.196.237,37.36883,-122.03635,solar
166.147.196.244,37.36883,-122.03635,solar
166.147.199.134,37.36883,-122.03635,solar
166.147.207.248,37.36883,-122.03635,solar
166.147.207.249,37.36883,-122.03635,solar
166.147.207.250,37.36883,-122.03635,solar
166.147.207.251,37.36883,-122.03635,solar
166.147.255.11,37.36883,-122.03635,solar
166.147.255.166,37.36883,-122.03635,solar
166.147.255.167,37.36883,-122.03635,solar
166.148.110.173,37.36883,-122.03635,solar
166.148.77.76,37.36883,-122.03635,solar
166.148.77.82,37.36883,-122.03635,solar
166.148.77.83,37.36883,-122.03635,solar
166.148.84.97,37.36883,-122.03635,solar
166.148.86.18,37.36883,-122.03635,solar
166.149.104.212,37.36883,-122.03635,solar
166.149.104.218,37.36883,-122.03635,solar
166.149.107.7,37.36883,-122.03635,solar
166.149.113.102,37.36883,-122.03635,solar
166.149.114.61,37.36883,-122.03635,solar
166.149.114.83,37.36883,-122.03635,solar
166.149.125.103,37.36883,-122.03635,solar
166.149.127.131,37.36883,-122.03635,solar
166.149.79.138,37.36883,-122.03635,solar
166.149.79.164,37.36883,-122.03635,solar
166.149.79.165,37.36883,-122.03635,solar
166.149.79.192,37.36883,-122.03635,solar
166.149.79.197,37.36883,-122.03635,solar
166.149.79.200,37.36883,-122.03635,solar
166.149.79.204,37.36883,-122.03635,solar
166.149.79.207,37.36883,-122.03635,solar
166.149.79.211,37.36883,-122.03635,solar
166.149.79.213,37.36883,-122.03635,solar
166.149.79.214,37.36883,-122.03635,solar
166.154.0.74,37.36883,-122.03635,solar
166.154.0.75,37.36883,-122.03635,solar
166.154.0.76,37.36883,-122.03635,solar
166.154.0.77,37.36883,-122.03635,solar
166.154.100.232,37.36883,-122.03635,solar
166.154.101.16,37.36883,-122.03635,solar
166.154.101.18,37.36883,-122.03635,solar
166.154.121.135,37.36883,-122.03635,solar
166.154.123.114,37.36883,-122.03635,solar
166.154.130.220,37.36883,-122.03635,solar
166.154.130.225,37.36883,-122.03635,solar
166.154.130.243,37.36883,-122.03635,solar
166.154.132.183,37.36883,-122.03635,solar
166.154.135.1,37.36883,-122.03635,solar
166.154.135.192,37.36883,-122.03635,solar
166.154.135.200,37.36883,-122.03635,solar
166.154.154.56,37.36883,-122.03635,solar
166.154.159.26,37.36883,-122.03635,solar
166.154.159.7,37.36883,-122.03635,solar
166.154.167.5,37.36883,-122.03635,solar
166.154.17.163,37.36883,-122.03635,solar
166.154.173.37,37.36883,-122.03635,solar
166.154.182.133,37.36883,-122.03635,solar
166.154.185.90,37.36883,-122.03635,solar
166.154.195.69,37.36883,-122.03635,solar
166.154.198.34,37.36883,-122.03635,solar
166.154.20.36,37.36883,-122.03635,solar
166.154.21.226,37.36883,-122.03635,solar
166.154.229.67,37.36883,-122.03635,solar
166.154.23.246,37.36883,-122.03635,solar
166.154.238.121,37.36883,-122.03635,solar
166.154.238.123,37.36883,-122.03635,solar
166.154.24.234,37.36883,-122.03635,solar
166.154.241.212,37.36883,-122.03635,solar
166.154.242.12,37.36883,-122.03635,solar
166.154.253.101,37.36883,-122.03635,solar
166.154.253.119,37.36883,-122.03635,solar
166.154.253.138,37.36883,-122.03635,solar
166.154.30.215,37.36883,-122.03635,solar
166.154.32.215,37.36883,-122.03635,solar
166.154.33.162,37.36883,-122.03635,solar
166.154.35.15,37.36883,-122.03635,solar
166.154.35.160,37.36883,-122.03635,solar
166.154.35.171,37.36883,-122.03635,solar
166.154.35.233,37.36883,-122.03635,solar
166.154.35.31,37.36883,-122.03635,solar
166.154.35.93,37.36883,-122.03635,solar
166.154.39.163,37.36883,-122.03635,solar
166.154.39.189,37.36883,-122.03635,solar
166.154.39.21,37.36883,-122.03635,solar
166.154.4.142,37.36883,-122.03635,solar
166.154.4.144,37.36883,-122.03635,solar
166.154.4.147,37.36883,-122.03635,solar
166.154.4.150,37.36883,-122.03635,solar
166.154.4.182,37.36883,-122.03635,solar
166.154.4.183,37.36883,-122.03635,solar
166.154.41.236,37.36883,-122.03635,solar
166.154.41.246,37.36883,-122.03635,solar
166.154.42.242,37.36883,-122.03635,solar
166.154.53.13,37.36883,-122.03635,solar
166.154.53.189,37.36883,-122.03635,solar
166.154.54.151,37.36883,-122.03635,solar
166.154.54.177,37.36883,-122.03635,solar
166.154.54.47,37.36883,-122.03635,solar
166.154.56.180,37.36883,-122.03635,solar
166.154.57.254,37.36883,-122.03635,solar
166.154.58.115,37.36883,-122.03635,solar
166.154.58.116,37.36883,-122.03635,solar
166.154.6.143,37.36883,-122.03635,solar
166.154.6.144,37.36883,-122.03635,solar
166.154.6.147,37.36883,-122.03635,solar
166.154.6.150,37.36883,-122.03635,solar
166.154.6.156,37.36883,-122.03635,solar
166.154.6.161,37.36883,-122.03635,solar
166.154.6.163,37.36883,-122.03635,solar
166.154.6.164,37.36883,-122.03635,solar
166.154.7.1,37.36883,-122.03635,solar
166.154.77.209,37.36883,-122.03635,solar
166.154.77.214,37.36883,-122.03635,solar
166.154.83.15,37.36883,-122.03635,solar
166.154.83.2,37.36883,-122.03635,solar
166.154.84.218,37.36883,-122.03635,solar
166.154.84.3,37.36883,-122.03635,solar
166.154.88.60,37.36883,-122.03635,solar
166.154.88.65,37.36883,-122.03635,solar
166.154.88.76,37.36883,-122.03635,solar
166.154.90.105,37.36883,-122.03635,solar
166.154.90.108,37.36883,-122.03635,solar
166.154.90.113,37.36883,-122.03635,solar
166.154.90.125,37.36883,-122.03635,solar
166.154.90.132,37.36883,-122.03635,solar
166.154.90.148,37.36883,-122.03635,solar
166.154.90.96,37.36883,-122.03635,solar
166.154.90.97,37.36883,-122.03635,solar
166.154.90.98,37.36883,-122.03635,solar
166.154.90.99,37.36883,-122.03635,solar
166.154.99.165,37.36883,-122.03635,solar
166.161.132.227,37.36883,-122.03635,solar
166.161.136.253,37.36883,-122.03635,solar
166.161.146.12,37.36883,-122.03635,solar
166.161.147.251,37.36883,-122.03635,solar
166.161.171.125,37.36883,-122.03635,solar
166.161.171.126,37.36883,-122.03635,solar
166.161.171.51,37.36883,-122.03635,solar
166.161.171.65,37.36883,-122.03635,solar
166.161.171.66,37.36883,-122.03635,solar
166.161.171.68,37.36883,-122.03635,solar
166.161.172.173,37.36883,-122.03635,solar
166.161.173.207,37.36883,-122.03635,solar
166.161.180.107,37.36883,-122.03635,solar
166.161.180.109,37.36883,-122.03635,solar
166.161.180.110,37.36883,-122.03635,solar
166.161.180.13,37.36883,-122.03635,solar
166.161.180.154,37.36883,-122.03635,solar
166.161.180.182,37.36883,-122.03635,solar
166.161.180.192,37.36883,-122.03635,solar
166.161.180.195,37.36883,-122.03635,solar
166.161.181.76,37.36883,-122.03635,solar
166.161.182.57,37.36883,-122.03635,solar
166.161.182.73,37.36883,-122.03635,solar
166.161.182.91,37.36883,-122.03635,solar
166.161.183.181,37.36883,-122.03635,solar
166.161.183.186,37.36883,-122.03635,solar
166.161.183.190,37.36883,-122.03635,solar
166.161.183.195,37.36883,-122.03635,solar
166.161.183.200,37.36883,-122.03635,solar
166.161.183.201,37.36883,-122.03635,solar
166.161.183.204,37.36883,-122.03635,solar
166.161.183.205,37.36883,-122.03635,solar
166.161.183.206,37.36883,-122.03635,solar
166.161.183.207,37.36883,-122.03635,solar
166.161.191.244,37.36883,-122.03635,solar
166.161.191.245,37.36883,-122.03635,solar
166.164.1.112,37.36883,-122.03635,solar
166.164.107.247,37.36883,-122.03635,solar
166.164.108.3,37.36883,-122.03635,solar
166.164.111.127,37.36883,-122.03635,solar
166.164.111.137,37.36883,-122.03635,solar
166.164.112.203,37.36883,-122.03635,solar
166.164.112.213,37.36883,-122.03635,solar
166.164.112.216,37.36883,-122.03635,solar
166.164.121.158,37.36883,-122.03635,solar
166.164.162.174,37.36883,-122.03635,solar
166.164.171.43,37.36883,-122.03635,solar
166.164.171.45,37.36883,-122.03635,solar
166.164.171.46,37.36883,-122.03635,solar
166.164.171.47,37.36883,-122.03635,solar
166.164.171.48,37.36883,-122.03635,solar
166.164.171.49,37.36883,-122.03635,solar
166.164.171.50,37.36883,-122.03635,solar
166.164.171.51,37.36883,-122.03635,solar
166.164.171.57,37.36883,-122.03635,solar
166.164.171.58,37.36883,-122.03635,solar
166.164.171.60,37.36883,-122.03635,solar
166.164.171.61,37.36883,-122.03635,solar
166.164.171.62,37.36883,-122.03635,solar
166.164.171.66,37.36883,-122.03635,solar
166.164.171.68,37.36883,-122.03635,solar
166.164.171.70,37.36883,-122.03635,solar
166.164.171.71,37.36883,-122.03635,solar
166.164.171.73,37.36883,-122.03635,solar
166.164.171.74,37.36883,-122.03635,solar
166.164.171.76,37.36883,-122.03635,solar
166.164.171.80,37.36883,-122.03635,solar
166.164.182.254,37.36883,-122.03635,solar
166.164.188.184,37.36883,-122.03635,solar
166.164.201.103,37.36883,-122.03635,solar
166.164.201.108,37.36883,-122.03635,solar
166.164.21.47,37.36883,-122.03635,solar
166.164.246.194,37.36883,-122.03635,solar
166.164.246.198,37.36883,-122.03635,solar
166.164.246.199,37.36883,-122.03635,solar
166.164.246.206,37.36883,-122.03635,solar
166.164.246.213,37.36883,-122.03635,solar
166.164.246.214,37.36883,-122.03635,solar
166.164.246.215,37.36883,-122.03635,solar
166.164.246.217,37.36883,-122.03635,solar
166.164.246.221,37.36883,-122.03635,solar
166.164.246.222,37.36883,-122.03635,solar
166.164.246.234,37.36883,-122.03635,solar
166.164.248.101,37.36883,-122.03635,solar
166.164.248.153,37.36883,-122.03635,solar
166.164.248.155,37.36883,-122.03635,solar
166.164.248.158,37.36883,-122.03635,solar
166.164.248.159,37.36883,-122.03635,solar
166.164.30.156,37.36883,-122.03635,solar
166.164.30.157,37.36883,-122.03635,solar
166.164.30.159,37.36883,-122.03635,solar
166.164.31.209,37.36883,-122.03635,solar
166.164.37.209,37.36883,-122.03635,solar
166.164.43.130,37.36883,-122.03635,solar
166.164.43.131,37.36883,-122.03635,solar
166.164.43.132,37.36883,-122.03635,solar
166.164.43.133,37.36883,-122.03635,solar
166.164.53.61,37.36883,-122.03635,solar
166.164.53.67,37.36883,-122.03635,solar
166.164.53.72,37.36883,-122.03635,solar
166.164.53.75,37.36883,-122.03635,solar
166.164.53.76,37.36883,-122.03635,solar
166.164.53.85,37.36883,-122.03635,solar
166.164.70.215,37.36883,-122.03635,solar
166.164.8.142,37.36883,-122.03635,solar
166.164.95.253,37.36883,-122.03635,solar
166.167.103.253,37.36883,-122.03635,solar
166.167.120.15,37.36883,-122.03635,solar
166.167.120.16,37.36883,-122.03635,solar
166.167.120.17,37.36883,-122.03635,solar
166.167.120.18,37.36883,-122.03635,solar
166.167.120.32,37.36883,-122.03635,solar
166.167.120.34,37.36883,-122.03635,solar
166.167.120.35,37.36883,-122.03635,solar
166.167.120.36,37.36883,-122.03635,solar
166.167.120.41,37.36883,-122.03635,solar
166.167.120.44,37.36883,-122.03635,solar
166.167.120.49,37.36883,-122.03635,solar
166.167.120.50,37.36883,-122.03635,solar
166.167.164.205,37.36883,-122.03635,solar
166.167.164.215,37.36883,-122.03635,solar
166.167.164.81,37.36883,-122.03635,solar
166.167.165.249,37.36883,-122.03635,solar
166.167.172.11,37.36883,-122.03635,solar
166.167.188.58,37.36883,-122.03635,solar
166.167.188.59,37.36883,-122.03635,solar
166.167.188.60,37.36883,-122.03635,solar
166.167.188.64,37.36883,-122.03635,solar
166.167.193.212,37.36883,-122.03635,solar
166.167.197.126,37.36883,-122.03635,solar
166.167.203.230,37.36883,-122.03635,solar
166.167.204.3,37.36883,-122.03635,solar
166.167.204.4,37.36883,-122.03635,solar
166.167.204.5,37.36883,-122.03635,solar
166.167.206.161,37.36883,-122.03635,solar
166.167.206.162,37.36883,-122.03635,solar
166.167.206.163,37.36883,-122.03635,solar
166.167.206.164,37.36883,-122.03635,solar
166.167.206.165,37.36883,-122.03635,solar
166.167.206.2,37.36883,-122.03635,solar
166.167.21.92,37.36883,-122.03635,solar
166.167.21.93,37.36883,-122.03635,solar
166.167.21.95,37.36883,-122.03635,solar
166.167.21.97,37.36883,-122.03635,solar
166.167.211.41,37.36883,-122.03635,solar
166.167.219.154,37.36883,-122.03635,solar
166.167.241.101,37.36883,-122.03635,solar
166.167.241.104,37.36883,-122.03635,solar
166.167.241.21,37.36883,-122.03635,solar
166.167.241.22,37.36883,-122.03635,solar
166.167.241.29,37.36883,-122.03635,solar
166.167.241.34,37.36883,-122.03635,solar
166.167.241.39,37.36883,-122.03635,solar
166.167.241.44,37.36883,-122.03635,solar
166.167.241.45,37.36883,-122.03635,solar
166.167.241.54,37.36883,-122.03635,solar
166.167.241.66,37.36883,-122.03635,solar
166.167.241.68,37.36883,-122.03635,solar
166.167.241.83,37.36883,-122.03635,solar
166.167.241.87,37.36883,-122.03635,solar
166.167.241.91,37.36883,-122.03635,solar
166.167.241.95,37.36883,-122.03635,solar
166.167.241.96,37.36883,-122.03635,solar
166.167.247.151,37.36883,-122.03635,solar
166.167.248.239,37.36883,-122.03635,solar
166.167.248.240,37.36883,-122.03635,solar
166.167.27.103,37.36883,-122.03635,solar
166.167.27.134,37.36883,-122.03635,solar
166.167.27.4,37.36883,-122.03635,solar
166.167.27.7,37.36883,-122.03635,solar
166.167.27.9,37.36883,-122.03635,solar
166.167.28.123,37.36883,-122.03635,solar
166.167.28.47,37.36883,-122.03635,solar
166.167.31.5,37.36883,-122.03635,solar
166.167.32.23,37.36883,-122.03635,solar
166.167.32.24,37.36883,-122.03635,solar
166.167.32.25,37.36883,-122.03635,solar
166.167.36.100,37.36883,-122.03635,solar
166.167.36.99,37.36883,-122.03635,solar
166.167.45.92,37.36883,-122.03635,solar
166.167.47.169,37.36883,-122.03635,solar
166.167.47.170,37.36883,-122.03635,solar
166.167.56.155,37.36883,-122.03635,solar
166.167.56.156,37.36883,-122.03635,solar
166.167.58.163,37.36883,-122.03635,solar
166.167.6.197,37.36883,-122.03635,solar
166.167.95.232,37.36883,-122.03635,solar
166.211.111.165,37.36883,-122.03635,solar
166.211.122.136,37.36883,-122.03635,solar
166.211.122.147,37.36883,-122.03635,solar
166.211.13.162,37.36883,-122.03635,solar
166.211.14.233,37.36883,-122.03635,solar
166.211.145.1,37.36883,-122.03635,solar
166.211.145.14,37.36883,-122.03635,solar
166.211.145.17,37.36883,-122.03635,solar
166.211.145.22,37.36883,-122.03635,solar
166.211.145.24,37.36883,-122.03635,solar
166.211.145.26,37.36883,-122.03635,solar
166.211.145.29,37.36883,-122.03635,solar
166.211.145.32,37.36883,-122.03635,solar
166.211.145.5,37.36883,-122.03635,solar
166.211.145.6,37.36883,-122.03635,solar
166.211.165.246,37.36883,-122.03635,solar
166.211.172.233,37.36883,-122.03635,solar
166.211.172.243,37.36883,-122.03635,solar
166.211.174.79,37.36883,-122.03635,solar
166.211.174.80,37.36883,-122.03635,solar
166.211.174.81,37.36883,-122.03635,solar
166.211.174.83,37.36883,-122.03635,solar
166.211.202.181,37.36883,-122.03635,solar
166.211.208.147,37.36883,-122.03635,solar
166.211.208.252,37.36883,-122.03635,solar
166.211.209.61,37.36883,-122.03635,solar
166.211.209.63,37.36883,-122.03635,solar
166.211.209.64,37.36883,-122.03635,solar
166.211.209.65,37.36883,-122.03635,solar
166.211.209.67,37.36883,-122.03635,solar
166.211.209.70,37.36883,-122.03635,solar
166.211.209.71,37.36883,-122.03635,solar
166.211.209.72,37.36883,-122.03635,solar
166.211.209.74,37.36883,-122.03635,solar
166.211.209.75,37.36883,-122.03635,solar
166.211.209.77,37.36883,-122.03635,solar
166.211.209.79,37.36883,-122.03635,solar
166.211.217.214,37.36883,-122.03635,solar
166.211.22.54,37.36883,-122.03635,solar
166.211.227.54,37.36883,-122.03635,solar
166.211.228.220,37.36883,-122.03635,solar
166.211.230.10,37.36883,-122.03635,solar
166.211.230.11,37.36883,-122.03635,solar
166.211.230.116,37.36883,-122.03635,solar
166.211.230.201,37.36883,-122.03635,solar
166.211.230.208,37.36883,-122.03635,solar
166.211.230.25,37.36883,-122.03635,solar
166.211.230.56,37.36883,-122.03635,solar
166.211.230.62,37.36883,-122.03635,solar
166.211.230.92,37.36883,-122.03635,solar
166.211.230.96,37.36883,-122.03635,solar
166.211.231.14,37.36883,-122.03635,solar
166.211.231.165,37.36883,-122.03635,solar
166.211.231.220,37.36883,-122.03635,solar
166.211.248.164,37.36883,-122.03635,solar
166.211.3.116,37.36883,-122.03635,solar
166.211.34.167,37.36883,-122.03635,solar
166.211.34.168,37.36883,-122.03635,solar
166.211.56.137,37.36883,-122.03635,solar
166.211.61.33,37.36883,-122.03635,solar
166.211.68.100,37.36883,-122.03635,solar
166.211.68.101,37.36883,-122.03635,solar
166.211.68.102,37.36883,-122.03635,solar
166.211.68.103,37.36883,-122.03635,solar
166.211.68.107,37.36883,-122.03635,solar
166.211.68.89,37.36883,-122.03635,solar
166.211.68.90,37.36883,-122.03635,solar
166.211.68.91,37.36883,-122.03635,solar
166.211.68.92,37.36883,-122.03635,solar
166.211.68.93,37.36883,-122.03635,solar
166.211.68.94,37.36883,-122.03635,solar
166.211.68.95,37.36883,-122.03635,solar
166.211.68.96,37.36883,-122.03635,solar
166.211.68.97,37.36883,-122.03635,solar
166.211.68.99,37.36883,-122.03635,solar
166.211.69.195,37.36883,-122.03635,solar
166.211.79.123,37.36883,-122.03635,solar
166.211.79.124,37.36883,-122.03635,solar
166.211.87.176,37.36883,-122.03635,solar
166.211.87.178,37.36883,-122.03635,solar
166.241.132.179,37.36883,-122.03635,solar
166.241.135.209,37.36883,-122.03635,solar
166.241.145.26,37.36883,-122.03635,solar
166.241.147.60,37.36883,-122.03635,solar
166.241.169.34,37.36883,-122.03635,solar
166.241.170.95,37.36883,-122.03635,solar
166.241.173.112,37.36883,-122.03635,solar
166.248.101.204,37.36883,-122.03635,solar
166.248.109.240,37.36883,-122.03635,solar
166.248.11.67,37.36883,-122.03635,solar
166.248.124.51,37.36883,-122.03635,solar
166.248.132.121,37.36883,-122.03635,solar
166.248.132.152,37.36883,-122.03635,solar
166.248.132.153,37.36883,-122.03635,solar
166.248.132.156,37.36883,-122.03635,solar
166.248.142.69,37.36883,-122.03635,solar
166.248.17.56,37.36883,-122.03635,solar
166.248.173.53,37.36883,-122.03635,solar
166.248.175.81,37.36883,-122.03635,solar
166.248.182.159,37.36883,-122.03635,solar
166.248.185.225,37.36883,-122.03635,solar
166.248.185.233,37.36883,-122.03635,solar
166.248.185.235,37.36883,-122.03635,solar
166.248.185.243,37.36883,-122.03635,solar
166.248.192.52,37.36883,-122.03635,solar
166.248.192.53,37.36883,-122.03635,solar
166.248.192.84,37.36883,-122.03635,solar
166.248.195.173,37.36883,-122.03635,solar
166.248.205.122,37.36883,-122.03635,solar
166.248.209.240,37.36883,-122.03635,solar
166.248.252.96,37.36883,-122.03635,solar
166.248.3.175,37.36883,-122.03635,solar
166.248.33.224,37.36883,-122.03635,solar
166.248.62.251,37.36883,-122.03635,solar
166.248.86.205,37.36883,-122.03635,solar
166.248.89.230,37.36883,-122.03635,solar
166.248.96.166,37.36883,-122.03635,solar
166.248.96.167,37.36883,-122.03635,solar
166.248.96.168,37.36883,-122.03635,solar
166.248.96.180,37.36883,-122.03635,solar
166.253.110.168,37.36883,-122.03635,solar
166.253.113.207,37.36883,-122.03635,solar
166.253.114.200,37.36883,-122.03635,solar
166.253.129.157,37.36883,-122.03635,solar
166.253.129.164,37.36883,-122.03635,solar
166.253.129.165,37.36883,-122.03635,solar
166.253.129.166,37.36883,-122.03635,solar
166.253.129.168,37.36883,-122.03635,solar
166.253.129.169,37.36883,-122.03635,solar
166.253.134.240,37.36883,-122.03635,solar
166.253.135.240,37.36883,-122.03635,solar
166.253.146.99,37.36883,-122.03635,solar
166.253.182.212,37.36883,-122.03635,solar
166.253.182.216,37.36883,-122.03635,solar
166.253.182.218,37.36883,-122.03635,solar
166.253.198.203,37.36883,-122.03635,solar
166.253.228.93,37.36883,-122.03635,solar
166.253.228.95,37.36883,-122.03635,solar
166.253.228.96,37.36883,-122.03635,solar
166.253.228.97,37.36883,-122.03635,solar
166.253.228.98,37.36883,-122.03635,solar
166.253.233.171,37.36883,-122.03635,solar
166.253.233.174,37.36883,-122.03635,solar
166.253.233.176,37.36883,-122.03635,solar
166.253.233.177,37.36883,-122.03635,solar
166.253.233.192,37.36883,-122.03635,solar
166.253.233.193,37.36883,-122.03635,solar
166.253.233.195,37.36883,-122.03635,solar
166.253.233.198,37.36883,-122.03635,solar
166.253.233.203,37.36883,-122.03635,solar
166.253.233.206,37.36883,-122.03635,solar
166.253.233.224,37.36883,-122.03635,solar
166.253.233.225,37.36883,-122.03635,solar
166.253.233.232,37.36883,-122.03635,solar
166.253.233.236,37.36883,-122.03635,solar
166.253.233.238,37.36883,-122.03635,solar
166.253.233.239,37.36883,-122.03635,solar
166.253.233.240,37.36883,-122.03635,solar
166.253.233.244,37.36883,-122.03635,solar
166.253.233.247,37.36883,-122.03635,solar
166.253.233.248,37.36883,-122.03635,solar
166.253.233.249,37.36883,-122.03635,solar
166.253.233.250,37.36883,-122.03635,solar
166.253.233.251,37.36883,-122.03635,solar
166.253.233.252,37.36883,-122.03635,solar
166.253.234.1,37.36883,-122.03635,solar
166.253.234.4,37.36883,-122.03635,solar
166.253.234.6,37.36883,-122.03635,solar
166.253.238.1,37.36883,-122.03635,solar
166.253.249.112,37.36883,-122.03635,solar
166.253.249.113,37.36883,-122.03635,solar
166.253.249.121,37.36883,-122.03635,solar
166.253.249.123,37.36883,-122.03635,solar
166.253.249.175,37.36883,-122.03635,solar
166.253.249.180,37.36883,-122.03635,solar
166.253.249.181,37.36883,-122.03635,solar
166.253.249.182,37.36883,-122.03635,solar
166.253.249.184,37.36883,-122.03635,solar
166.253.31.117,37.36883,-122.03635,solar
166.253.31.143,37.36883,-122.03635,solar
166.253.31.187,37.36883,-122.03635,solar
166.253.42.112,37.36883,-122.03635,solar
166.253.42.113,37.36883,-122.03635,solar
166.253.43.236,37.36883,-122.03635,solar
166.253.6.164,37.36883,-122.03635,solar
166.253.65.223,37.36883,-122.03635,solar
166.253.65.246,37.36883,-122.03635,solar
166.253.65.247,37.36883,-122.03635,solar
166.253.67.190,37.36883,-122.03635,solar
166.253.80.114,37.36883,-122.03635,solar
166.253.80.123,37.36883,-122.03635,solar
166.253.80.156,37.36883,-122.03635,solar
166.253.80.180,37.36883,-122.03635,solar
166.253.80.240,37.36883,-122.03635,solar
166.253.87.163,37.36883,-122.03635,solar
166.253.87.164,37.36883,-122.03635,solar
166.253.87.175,37.36883,-122.03635,solar
166.253.9.121,37.36883,-122.03635,solar
166.253.9.122,37.36883,-122.03635,solar
166.253.97.144,37.36883,-122.03635,solar
166.255.100.151,37.36883,-122.03635,solar
166.255.105.22,37.36883,-122.03635,solar
166.255.116.248,37.36883,-122.03635,solar
166.255.122.57,37.36883,-122.03635,solar
166.255.143.135,37.36883,-122.03635,solar
166.255.143.136,37.36883,-122.03635,solar
166.255.143.157,37.36883,-122.03635,solar
166.255.169.29,37.36883,-122.03635,solar
166.255.169.30,37.36883,-122.03635,solar
166.255.175.138,37.36883,-122.03635,solar
166.255.175.139,37.36883,-122.03635,solar
166.255.175.140,37.36883,-122.03635,solar
166.255.199.223,37.36883,-122.03635,solar
166.255.203.187,37.36883,-122.03635,solar
166.255.203.191,37.36883,-122.03635,solar
166.255.203.193,37.36883,-122.03635,solar
166.255.203.199,37.36883,-122.03635,solar
166.255.206.183,37.36883,-122.03635,solar
166.255.206.184,37.36883,-122.03635,solar
166.255.206.185,37.36883,-122.03635,solar
166.255.206.186,37.36883,-122.03635,solar
166.255.206.187,37.36883,-122.03635,solar
166.255.207.242,37.36883,-122.03635,solar
166.255.210.21,37.36883,-122.03635,solar
166.255.210.222,37.36883,-122.03635,solar
166.255.212.20,37.36883,-122.03635,solar
166.255.212.52,37.36883,-122.03635,solar
166.255.217.241,37.36883,-122.03635,solar
166.255.217.245,37.36883,-122.03635,solar
166.255.218.6,37.36883,-122.03635,solar
166.255.219.246,37.36883,-122.03635,solar
166.255.220.117,37.36883,-122.03635,solar
166.255.220.212,37.36883,-122.03635,solar
166.255.220.251,37.36883,-122.03635,solar
166.255.233.41,37.36883,-122.03635,solar
166.255.236.228,37.36883,-122.03635,solar
166.255.246.86,37.36883,-122.03635,solar
166.255.43.115,37.36883,-122.03635,solar
166.255.45.234,37.36883,-122.03635,solar
166.255.48.190,37.36883,-122.03635,solar
166.255.48.196,37.36883,-122.03635,solar
166.255.55.234,37.36883,-122.03635,solar
166.255.58.91,37.36883,-122.03635,solar
166.255.59.211,37.36883,-122.03635,solar
166.255.6.246,37.36883,-122.03635,solar
166.255.6.251,37.36883,-122.03635,solar
166.255.60.230,37.36883,-122.03635,solar
166.255.66.115,37.36883,-122.03635,solar
166.255.66.121,37.36883,-122.03635,solar
166.255.66.146,37.36883,-122.03635,solar
166.255.66.154,37.36883,-122.03635,solar
166.255.66.155,37.36883,-122.03635,solar
166.255.91.172,37.36883,-122.03635,solar
167.172.8.205,37.35411,-121.95524,solar
167.234.219.180,37.33939,-121.89496,solar
170.106.143.33,37.35411,-121.95524,solar
170.106.169.179,37.35411,-121.95524,solar
170.106.174.75,37.35411,-121.95524,solar
172.110.240.58,37.79781,-120.99792,solar
172.113.25.218,34.10834,-117.28977,solar
172.117.4.155,34.28556,-118.88204,solar
172.119.115.76,33.83529,-117.9145,solar
172.119.252.41,34.16028,-118.65231,solar
172.125.79.230,37.38522,-122.11413,solar
172.233.147.104,34.05223,-118.24368,solar
172.233.151.16,34.05223,-118.24368,solar
172.233.151.217,34.05223,-118.24368,solar
172.233.153.29,34.05223,-118.24368,solar
172.233.157.109,34.05223,-118.24368,solar
172.233.157.168,34.05223,-118.24368,solar
172.233.157.35,34.05223,-118.24368,solar
172.233.157.55,34.05223,-118.24368,solar
172.236.226.35,34.05223,-118.24368,solar
172.236.241.161,34.05223,-118.24368,solar
172.240.224.93,37.33939,-121.89496,solar
172.245.53.57,37.35411,-121.95524,solar
172.251.240.59,33.49364,-117.14836,solar
172.87.30.220,34.05223,-118.24368,solar
172.93.41.91,34.05223,-118.24368,solar
173.16.248.3,38.80796,-122.55832,solar
173.24.148.50,35.62246,-117.6709,solar
173.24.149.206,35.62246,-117.6709,solar
173.242.119.50,34.05223,-118.24368,solar
173.245.83.11,37.35411,-121.95524,solar
173.245.83.12,37.35411,-121.95524,solar
173.245.83.13,37.35411,-121.95524,solar
173.245.83.14,37.35411,-121.95524,solar
173.249.201.13,37.33939,-121.89496,solar
173.255.217.250,37.54827,-121.98857,solar
174.139.16.237,33.84918,-118.38841,solar
174.87.146.22,40.44821,-122.29778,solar
178.128.186.19,37.35411,-121.95524,solar
178.128.190.136,37.35411,-121.95524,solar
18.144.112.8,37.33939,-121.89496,solar
18.144.124.189,37.33939,-121.89496,solar
18.144.14.2,37.33939,-121.89496,solar
18.144.151.192,37.33939,-121.89496,solar
18.144.74.217,37.33939,-121.89496,solar
184.169.202.161,37.33939,-121.89496,solar
184.23.214.151,37.93187,-121.69579,solar
185.198.26.221,34.05223,-118.24368,solar
192.109.75.11,38.50185,-121.09467,solar
192.155.83.21,37.54827,-121.98857,solar
192.160.193.238,37.8011,-122.2104,solar
192.184.214.44,37.77493,-122.41942,solar
192.210.136.234,37.35411,-121.95524,solar
192.241.199.192,37.77493,-122.41942,solar
192.3.111.152,34.05223,-118.24368,solar
192.69.95.155,34.05223,-118.24368,solar
192.81.132.14,37.54827,-121.98857,solar
192.9.130.48,37.33939,-121.89496,solar
192.9.135.103,37.33939,-121.89496,solar
192.9.143.176,37.33939,-121.89496,solar
192.9.152.216,37.33939,-121.89496,solar
192.9.153.102,37.33939,-121.89496,solar
192.9.241.124,37.33939,-121.89496,solar
192.9.242.226,37.33939,-121.89496,solar
192.9.245.212,37.33939,-121.89496,solar
192.9.245.38,37.33939,-121.89496,solar
192.9.247.54,37.33939,-121.89496,solar
193.9.44.180,34.05223,-118.24368,solar
193.9.46.231,34.05223,-118.24368,solar
194.124.244.2,33.84918,-118.38841,solar
194.124.244.3,33.84918,-118.38841,solar
194.124.244.30,33.84918,-118.38841,solar
195.155.43.24,36.32745,-119.64568,solar
195.155.60.178,36.96134,-120.06072,solar
198.11.168.105,33.7866,-118.2987,solar
198.11.177.146,33.7866,-118.2987,solar
198.11.178.85,34.0522,-118.2437,solar
198.11.183.86,34.0522,-118.2437,solar
198.199.102.193,37.77493,-122.41942,solar
198.199.107.17,37.77493,-122.41942,solar
198.199.109.35,37.77493,-122.41942,solar
198.199.116.32,37.77493,-122.41942,solar
198.199.98.58,37.77493,-122.41942,solar
198.210.38.250,35.96856,-119.29178,solar
198.44.218.122,34.05223,-118.24368,solar
198.54.121.106,34.05223,-118.24368,solar
198.74.49.68,37.54827,-121.98857,solar
199.241.139.185,34.0522,-118.2437,solar
199.48.68.27,33.84918,-118.38841,solar
2.58.240.15,34.0443,-118.2509,solar
202.5.16.154,34.05223,-118.24368,solar
203.161.44.147,34.05223,-118.24368,solar
203.161.48.137,34.05223,-118.24368,solar
203.161.63.118,34.05223,-118.24368,solar
204.213.194.24,38.41297,-120.65882,solar
204.213.194.25,38.41297,-120.65882,solar
204.250.24.2,38.41297,-120.65882,solar
205.155.30.165,36.91023,-121.75689,solar
205.157.156.66,37.13494,-120.49213,solar
205.164.45.2,37.35411,-121.95524,solar
205.164.45.3,37.35411,-121.95524,solar
205.164.45.4,37.35411,-121.95524,solar
205.164.45.5,37.35411,-121.95524,solar
205.164.45.6,37.35411,-121.95524,solar
206.162.224.196,37.30216,-120.48297,solar
206.169.190.9,32.71571,-117.16472,solar
206.189.161.33,37.35411,-121.95524,solar
206.189.165.102,37.35411,-121.95524,solar
206.189.168.36,37.35411,-121.95524,solar
206.189.72.105,37.35411,-121.95524,solar
206.214.44.98,34.06334,-117.65089,solar
207.177.163.10,36.32745,-119.64568,solar
207.177.172.131,36.32745,-119.64568,solar
207.246.103.161,34.05223,-118.24368,solar
209.218.211.99,36.5119,-119.44596,solar
209.38.65.27,37.35411,-121.95524,solar
209.40.68.20,34.05223,-118.24368,solar
209.54.34.170,36.85884,-120.45601,solar
209.54.34.238,36.33023,-119.29206,solar
209.54.37.50,37.13494,-120.49213,solar
209.54.43.140,37.2329,-121.7875,solar
209.54.43.53,36.74773,-119.77237,solar
209.54.46.138,36.33023,-119.29206,solar
209.54.46.18,36.0594,-119.31206,solar
209.58.196.102,37.54827,-121.98857,solar
209.74.95.112,34.05223,-118.24368,solar
216.100.234.14,37.82159,-121.99996,solar
216.139.40.30,37.08495,-121.61022,solar
216.139.61.22,37.1305,-121.65439,solar
216.173.137.77,36.97412,-122.0308,solar
216.194.166.140,34.05223,-118.24368,solar
216.194.167.11,34.05223,-118.24368,solar
216.219.95.221,34.05223,-118.24368,solar
216.57.66.130,38.64768,-120.68576,solar
216.57.74.18,37.6391,-120.99688,solar
23.105.194.75,34.05223,-118.24368,solar
23.113.7.40,32.71571,-117.16472,solar
23.113.7.41,32.71571,-117.16472,solar
23.113.7.43,32.71571,-117.16472,solar
23.113.7.44,32.71571,-117.16472,solar
23.113.7.45,32.71571,-117.16472,solar
23.113.7.46,32.71571,-117.16472,solar
23.113.7.47,32.71571,-117.16472,solar
23.113.7.48,32.71571,-117.16472,solar
23.113.7.49,32.71571,-117.16472,solar
23.124.75.161,37.35411,-121.95524,solar
23.225.230.135,34.05223,-118.24368,solar
23.225.230.209,34.05223,-118.24368,solar
23.225.230.22,34.05223,-118.24368,solar
23.225.230.222,34.05223,-118.24368,solar
23.225.230.248,34.05223,-118.24368,solar
23.225.230.25,34.05223,-118.24368,solar
23.225.230.65,34.05223,-118.24368,solar
23.225.230.73,34.05223,-118.24368,solar
23.225.230.85,34.05223,-118.24368,solar
23.225.236.107,34.05223,-118.24368,solar
23.225.236.151,34.05223,-118.24368,solar
23.225.236.178,34.05223,-118.24368,solar
23.225.236.189,34.05223,-118.24368,solar
23.225.236.230,34.05223,-118.24368,solar
23.225.236.74,34.05223,-118.24368,solar
23.227.126.161,36.20773,-119.34734,solar
23.227.126.58,36.20773,-119.34734,solar
23.227.127.106,39.80879,-120.49799,solar
23.227.97.58,37.22855,-120.24823,solar
23.227.98.250,36.20773,-119.34734,solar
23.83.248.164,37.54827,-121.98857,solar
23.92.25.252,37.54827,-121.98857,solar
23.92.25.44,37.54827,-121.98857,solar
23.92.27.154,37.54827,-121.98857,solar
23.93.214.182,37.80437,-122.2708,solar
23.93.233.192,37.90631,-122.06496,solar
23.94.233.239,37.35411,-121.95524,solar
23.94.255.174,37.35411,-121.95524,solar
23.95.29.214,34.05223,-118.24368,solar
23.95.29.216,34.05223,-118.24368,solar
23.95.29.221,34.05223,-118.24368,solar
23.99.68.42,37.33939,-121.89496,solar
24.10.103.19,37.9577,-121.29078,solar
24.130.118.206,37.90631,-122.06496,solar
24.199.114.196,37.35411,-121.95524,solar
24.199.120.229,37.35411,-121.95524,solar
24.199.79.183,37.35411,-121.95524,solar
24.199.98.223,37.35411,-121.95524,solar
24.205.228.234,35.28275,-120.65962,solar
3.101.58.233,37.33939,-121.89496,solar
3.101.7.137,37.33939,-121.89496,solar
34.102.108.0,34.05223,-118.24368,solar
34.102.126.125,34.05223,-118.24368,solar
34.186.184.110,34.05223,-118.24368,solar
34.94.109.124,34.05223,-118.24368,solar
34.94.82.77,34.05223,-118.24368,solar
35.129.82.237,34.06251,-118.12285,solar
35.235.96.70,34.05223,-118.24368,solar
35.236.19.137,34.05223,-118.24368,solar
35.236.22.196,34.05223,-118.24368,solar
35.236.60.141,34.05223,-118.24368,solar
38.147.161.45,34.0443,-118.2509,solar
38.148.249.4,34.05223,-118.24368,solar
38.15.211.251,34.05223,-118.24368,solar
38.49.16.57,34.05223,-118.24368,solar
38.49.17.35,34.05223,-118.24368,solar
38.49.17.36,34.05223,-118.24368,solar
38.49.17.37,34.05223,-118.24368,solar
38.49.17.42,34.05223,-118.24368,solar
38.49.17.43,34.05223,-118.24368,solar
38.49.17.46,34.05223,-118.24368,solar
38.49.17.54,34.05223,-118.24368,solar
38.49.17.55,34.05223,-118.24368,solar
38.49.18.36,34.05223,-118.24368,solar
38.49.18.43,34.05223,-118.24368,solar
38.49.18.53,34.05223,-118.24368,solar
38.49.19.50,34.05223,-118.24368,solar
38.49.19.54,34.05223,-118.24368,solar
38.49.19.55,34.05223,-118.24368,solar
38.49.19.57,34.05223,-118.24368,solar
38.49.19.59,34.05223,-118.24368,solar
38.49.20.38,34.05223,-118.24368,solar
38.49.20.39,34.05223,-118.24368,solar
38.49.20.41,34.05223,-118.24368,solar
38.49.20.52,34.05223,-118.24368,solar
38.49.21.37,34.05223,-118.24368,solar
38.49.21.39,34.05223,-118.24368,solar
38.49.21.40,34.05223,-118.24368,solar
38.49.21.43,34.05223,-118.24368,solar
38.49.21.46,34.05223,-118.24368,solar
38.49.21.48,34.05223,-118.24368,solar
38.49.21.50,34.05223,-118.24368,solar
38.49.21.52,34.05223,-118.24368,solar
38.49.21.59,34.05223,-118.24368,solar
38.49.22.32,34.05223,-118.24368,solar
38.49.22.36,34.05223,-118.24368,solar
38.49.22.37,34.05223,-118.24368,solar
38.49.22.45,34.05223,-118.24368,solar
38.49.22.48,34.05223,-118.24368,solar
38.49.22.49,34.05223,-118.24368,solar
38.49.22.59,34.05223,-118.24368,solar
38.49.23.33,34.05223,-118.24368,solar
38.49.23.37,34.05223,-118.24368,solar
38.49.23.42,34.05223,-118.24368,solar
38.49.23.43,34.05223,-118.24368,solar
38.49.23.55,34.05223,-118.24368,solar
38.49.23.56,34.05223,-118.24368,solar
38.49.23.58,34.05223,-118.24368,solar
38.75.137.157,34.05223,-118.24368,solar
38.80.129.78,39.92766,-122.17916,solar
38.88.18.150,37.54827,-121.98857,solar
4.15.120.110,37.33939,-121.89496,solar
4.53.120.150,32.71571,-117.16472,solar
4.7.26.101,34.05223,-118.24368,solar
40.78.55.108,37.33939,-121.89496,solar
43.130.16.177,37.35411,-121.95524,solar
43.130.17.28,37.35411,-121.95524,solar
43.130.36.20,37.35411,-121.95524,solar
43.130.38.116,37.35411,-121.95524,solar
43.130.7.241,37.35411,-121.95524,solar
43.135.178.97,37.35411,-121.95524,solar
43.153.117.70,37.35411,-121.95524,solar
43.153.122.75,37.35411,-121.95524,solar
43.153.15.97,37.35411,-121.95524,solar
43.153.18.29,37.35411,-121.95524,solar
43.153.53.47,37.35411,-121.95524,solar
43.153.7.115,37.35411,-121.95524,solar
43.153.70.121,37.35411,-121.95524,solar
43.153.77.245,37.35411,-121.95524,solar
43.153.93.83,37.35411,-121.95524,solar
43.153.98.129,37.35411,-121.95524,solar
43.162.122.189,37.35411,-121.95524,solar
45.146.234.158,34.05223,-118.24368,solar
45.207.205.81,34.05223,-118.24368,solar
45.22.142.228,38.67852,-121.7733,solar
45.29.235.81,36.74773,-119.77237,solar
45.30.30.72,37.33939,-121.89496,solar
45.32.136.238,37.35411,-121.95524,solar
45.32.139.242,37.35411,-121.95524,solar
45.32.81.48,34.05223,-118.24368,solar
45.33.111.164,37.54827,-121.98857,solar
45.33.52.212,37.54827,-121.98857,solar
45.33.63.95,37.54827,-121.98857,solar
45.49.176.68,34.06334,-117.65089,solar
45.56.89.100,37.54827,-121.98857,solar
45.56.92.165,37.54827,-121.98857,solar
45.56.92.229,37.54827,-121.98857,solar
45.63.53.58,34.05223,-118.24368,solar
45.63.85.62,37.35411,-121.95524,solar
45.63.90.222,37.35411,-121.95524,solar
45.74.23.39,34.05223,-118.24368,solar
45.77.3.242,37.35411,-121.95524,solar
45.77.68.242,34.05223,-118.24368,solar
45.79.111.91,37.54827,-121.98857,solar
45.79.94.202,37.54827,-121.98857,solar
45.79.98.106,37.54827,-121.98857,solar
47.144.196.119,33.86224,-118.39952,solar
47.145.179.239,33.92946,-116.97725,solar
47.150.26.124,33.49364,-117.14836,solar
47.151.226.152,34.50083,-117.18588,solar
47.152.129.177,33.49364,-117.14836,solar
47.154.29.116,34.01949,-118.49138,solar
47.156.109.11,34.13612,-117.86534,solar
47.156.146.56,34.05223,-118.24368,solar
47.157.74.230,34.50083,-117.18588,solar
47.158.111.108,33.7207,-116.21677,solar
47.179.83.136,34.50083,-117.18588,solar
47.179.83.140,34.50083,-117.18588,solar
47.181.142.157,34.2141,-119.175,solar
47.208.113.48,40.86652,-124.08284,solar
47.251.1.117,34.0522,-118.2437,solar
47.251.1.63,33.7866,-118.2987,solar
47.251.10.135,34.0522,-118.2437,solar
47.251.11.107,33.7866,-118.2987,solar
47.251.11.172,33.7866,-118.2987,solar
47.251.111.87,33.7866,-118.2987,solar
47.251.116.104,33.7866,-118.2987,solar
47.251.123.114,33.7866,-118.2987,solar
47.251.35.20,34.0522,-118.2437,solar
47.251.37.127,33.7866,-118.2987,solar
47.251.71.215,34.0522,-118.2437,solar
47.251.72.196,34.0522,-118.2437,solar
47.251.82.235,33.7866,-118.2987,solar
47.251.9.94,33.7866,-118.2987,solar
47.254.19.64,34.0522,-118.2437,solar
47.254.33.206,33.7866,-118.2987,solar
47.254.74.25,33.7866,-118.2987,solar
47.254.87.184,34.0522,-118.2437,solar
47.32.133.24,35.28275,-120.65962,solar
47.77.203.248,33.7866,-118.2987,solar
47.77.204.146,34.0522,-118.2437,solar
47.77.205.183,33.7866,-118.2987,solar
47.77.206.202,34.0522,-118.2437,solar
47.88.12.161,33.7866,-118.2987,solar
47.88.14.115,33.7866,-118.2987,solar
47.88.14.136,33.7866,-118.2987,solar
47.88.3.194,34.0522,-118.2437,solar
47.88.4.64,33.7866,-118.2987,solar
47.88.5.176,34.0522,-118.2437,solar
47.88.52.84,33.7866,-118.2987,solar
47.88.6.229,34.0522,-118.2437,solar
47.88.79.55,34.0522,-118.2437,solar
47.88.91.128,33.7866,-118.2987,solar
47.88.91.79,33.7866,-118.2987,solar
47.89.193.40,33.7866,-118.2987,solar
47.89.194.197,33.7866,-118.2987,solar
47.89.195.35,34.0522,-118.2437,solar
47.89.245.226,34.0522,-118.2437,solar
47.89.250.49,33.7866,-118.2987,solar
47.89.252.84,33.7866,-118.2987,solar
47.89.253.211,33.7866,-118.2987,solar
49.51.192.86,37.35411,-121.95524,solar
49.51.194.52,37.35411,-121.95524,solar
49.51.196.50,37.35411,-121.95524,solar
49.51.200.91,37.35411,-121.95524,solar
49.51.202.101,37.35411,-121.95524,solar
49.51.47.65,37.35411,-121.95524,solar
49.51.69.41,37.35411,-121.95524,solar
50.118.246.52,37.35411,-121.95524,solar
50.118.246.53,37.35411,-121.95524,solar
50.18.144.213,37.33939,-121.89496,solar
50.18.19.108,37.33939,-121.89496,solar
50.18.207.97,37.33939,-121.89496,solar
50.18.91.120,37.33939,-121.89496,solar
50.207.88.195,38.58157,-121.4944,solar
50.230.201.20,36.74773,-119.77237,solar
50.242.93.51,37.80437,-122.2708,solar
50.245.191.213,36.74773,-119.77237,solar
50.81.16.20,33.21837,-117.0342,solar
52.129.40.90,38.66429,-121.87566,solar
52.129.41.137,38.54491,-121.74052,solar
52.52.176.127,37.33939,-121.89496,solar
52.52.235.228,37.33939,-121.89496,solar
52.52.246.143,37.33939,-121.89496,solar
52.53.113.134,37.33939,-121.89496,solar
52.53.170.24,37.33939,-121.89496,solar
52.53.173.120,37.33939,-121.89496,solar
52.53.180.122,37.33939,-121.89496,solar
52.53.180.194,37.33939,-121.89496,solar
52.53.226.17,37.33939,-121.89496,solar
52.53.236.38,37.33939,-121.89496,solar
52.53.255.221,37.33939,-121.89496,solar
52.8.119.206,37.33939,-121.89496,solar
52.8.78.93,37.33939,-121.89496,solar
52.9.100.123,37.33939,-121.89496,solar
52.9.137.148,37.33939,-121.89496,solar
52.9.8.137,37.33939,-121.89496,solar
54.151.10.45,37.33939,-121.89496,solar
54.151.4.34,37.33939,-121.89496,solar
54.151.41.206,37.33939,-121.89496,solar
54.151.96.245,37.33939,-121.89496,solar
54.153.73.216,37.33939,-121.89496,solar
54.176.218.50,37.33939,-121.89496,solar
54.176.56.186,37.33939,-121.89496,solar
54.177.109.84,37.33939,-121.89496,solar
54.177.140.210,37.33939,-121.89496,solar
54.177.24.252,37.33939,-121.89496,solar
54.183.137.13,37.33939,-121.89496,solar
54.183.143.17,37.33939,-121.89496,solar
54.183.165.115,37.33939,-121.89496,solar
54.183.207.222,37.33939,-121.89496,solar
54.193.151.58,37.33939,-121.89496,solar
54.193.156.21,37.33939,-121.89496,solar
54.193.165.254,37.33939,-121.89496,solar
54.193.244.194,37.33939,-121.89496,solar
54.193.99.235,37.33939,-121.89496,solar
54.215.150.4,37.33939,-121.89496,solar
54.215.206.218,37.33939,-121.89496,solar
54.219.110.245,37.33939,-121.89496,solar
54.219.178.48,37.33939,-121.89496,solar
54.219.183.44,37.33939,-121.89496,solar
54.219.193.9,37.33939,-121.89496,solar
54.219.87.224,37.33939,-121.89496,solar
54.241.238.195,37.33939,-121.89496,solar
54.241.65.91,37.33939,-121.89496,solar
54.241.86.204,37.33939,-121.89496,solar
54.241.93.229,37.33939,-121.89496,solar
54.241.97.223,37.33939,-121.89496,solar
54.67.123.129,37.33939,-121.89496,solar
54.67.38.225,37.33939,-121.89496,solar
54.67.73.113,37.33939,-121.89496,solar
63.42.11.222,37.36883,-122.03635,solar
63.42.11.223,37.36883,-122.03635,solar
63.42.11.225,37.36883,-122.03635,solar
63.42.11.228,37.36883,-122.03635,solar
63.42.111.46,37.36883,-122.03635,solar
63.42.116.171,37.36883,-122.03635,solar
63.42.116.172,37.36883,-122.03635,solar
63.42.119.100,37.36883,-122.03635,solar
63.42.119.102,37.36883,-122.03635,solar
63.42.126.169,37.36883,-122.03635,solar
63.42.13.117,37.36883,-122.03635,solar
63.42.13.45,37.36883,-122.03635,solar
63.42.13.46,37.36883,-122.03635,solar
63.42.13.61,37.36883,-122.03635,solar
63.42.13.62,37.36883,-122.03635,solar
63.42.13.63,37.36883,-122.03635,solar
63.42.13.64,37.36883,-122.03635,solar
63.42.13.65,37.36883,-122.03635,solar
63.42.13.66,37.36883,-122.03635,solar
63.42.13.67,37.36883,-122.03635,solar
63.42.131.25,37.36883,-122.03635,solar
63.42.132.215,37.36883,-122.03635,solar
63.42.132.216,37.36883,-122.03635,solar
63.42.135.122,37.36883,-122.03635,solar
63.42.135.253,37.36883,-122.03635,solar
63.42.138.179,37.36883,-122.03635,solar
63.42.143.187,37.36883,-122.03635,solar
63.42.143.188,37.36883,-122.03635,solar
63.42.144.119,37.36883,-122.03635,solar
63.42.144.123,37.36883,-122.03635,solar
63.42.144.124,37.36883,-122.03635,solar
63.42.144.125,37.36883,-122.03635,solar
63.42.144.126,37.36883,-122.03635,solar
63.42.144.128,37.36883,-122.03635,solar
63.42.144.129,37.36883,-122.03635,solar
63.42.144.141,37.36883,-122.03635,solar
63.42.144.142,37.36883,-122.03635,solar
63.42.144.149,37.36883,-122.03635,solar
63.42.144.150,37.36883,-122.03635,solar
63.42.144.151,37.36883,-122.03635,solar
63.42.144.152,37.36883,-122.03635,solar
63.42.144.154,37.36883,-122.03635,solar
63.42.145.155,37.36883,-122.03635,solar
63.42.154.99,37.36883,-122.03635,solar
63.42.155.93,37.36883,-122.03635,solar
63.42.162.164,37.36883,-122.03635,solar
63.42.162.213,37.36883,-122.03635,solar
63.42.163.161,37.36883,-122.03635,solar
63.42.181.79,37.36883,-122.03635,solar
63.42.20.65,37.36883,-122.03635,solar
63.42.212.79,37.36883,-122.03635,solar
63.42.212.80,37.36883,-122.03635,solar
63.42.212.99,37.36883,-122.03635,solar
63.42.218.111,37.36883,-122.03635,solar
63.42.218.112,37.36883,-122.03635,solar
63.42.218.116,37.36883,-122.03635,solar
63.42.218.121,37.36883,-122.03635,solar
63.42.218.127,37.36883,-122.03635,solar
63.42.218.128,37.36883,-122.03635,solar
63.42.218.136,37.36883,-122.03635,solar
63.42.218.139,37.36883,-122.03635,solar
63.42.218.143,37.36883,-122.03635,solar
63.42.218.146,37.36883,-122.03635,solar
63.42.218.148,37.36883,-122.03635,solar
63.42.218.149,37.36883,-122.03635,solar
63.42.218.150,37.36883,-122.03635,solar
63.42.218.154,37.36883,-122.03635,solar
63.42.218.155,37.36883,-122.03635,solar
63.42.218.156,37.36883,-122.03635,solar
63.42.218.167,37.36883,-122.03635,solar
63.42.218.170,37.36883,-122.03635,solar
63.42.218.171,37.36883,-122.03635,solar
63.42.218.174,37.36883,-122.03635,solar
63.42.218.175,37.36883,-122.03635,solar
63.42.218.176,37.36883,-122.03635,solar
63.42.218.180,37.36883,-122.03635,solar
63.42.218.182,37.36883,-122.03635,solar
63.42.218.183,37.36883,-122.03635,solar
63.42.218.187,37.36883,-122.03635,solar
63.42.218.188,37.36883,-122.03635,solar
63.42.218.189,37.36883,-122.03635,solar
63.42.218.191,37.36883,-122.03635,solar
63.42.218.192,37.36883,-122.03635,solar
63.42.218.212,37.36883,-122.03635,solar
63.42.218.224,37.36883,-122.03635,solar
63.42.218.225,37.36883,-122.03635,solar
63.42.218.226,37.36883,-122.03635,solar
63.42.218.228,37.36883,-122.03635,solar
63.42.218.230,37.36883,-122.03635,solar
63.42.218.239,37.36883,-122.03635,solar
63.42.218.241,37.36883,-122.03635,solar
63.42.218.244,37.36883,-122.03635,solar
63.42.218.245,37.36883,-122.03635,solar
63.42.218.246,37.36883,-122.03635,solar
63.42.218.253,37.36883,-122.03635,solar
63.42.218.254,37.36883,-122.03635,solar
63.42.218.87,37.36883,-122.03635,solar
63.42.218.88,37.36883,-122.03635,solar
63.42.218.89,37.36883,-122.03635,solar
63.42.218.90,37.36883,-122.03635,solar
63.42.218.92,37.36883,-122.03635,solar
63.42.218.94,37.36883,-122.03635,solar
63.42.218.95,37.36883,-122.03635,solar
63.42.218.96,37.36883,-122.03635,solar
63.42.218.97,37.36883,-122.03635,solar
63.42.218.99,37.36883,-122.03635,solar
63.42.223.198,37.36883,-122.03635,solar
63.42.223.202,37.36883,-122.03635,solar
63.42.224.22,37.36883,-122.03635,solar
63.42.227.39,37.36883,-122.03635,solar
63.42.227.42,37.36883,-122.03635,solar
63.42.227.44,37.36883,-122.03635,solar
63.42.227.48,37.36883,-122.03635,solar
63.42.227.49,37.36883,-122.03635,solar
63.42.227.50,37.36883,-122.03635,solar
63.42.228.47,37.36883,-122.03635,solar
63.42.231.20,37.36883,-122.03635,solar
63.42.234.118,37.36883,-122.03635,solar
63.42.252.48,37.36883,-122.03635,solar
63.42.252.49,37.36883,-122.03635,solar
63.42.252.50,37.36883,-122.03635,solar
63.42.252.52,37.36883,-122.03635,solar
63.42.252.53,37.36883,-122.03635,solar
63.42.254.149,37.36883,-122.03635,solar
63.42.28.237,37.36883,-122.03635,solar
63.42.3.74,37.36883,-122.03635,solar
63.42.37.221,37.36883,-122.03635,solar
63.42.40.7,37.36883,-122.03635,solar
63.42.40.8,37.36883,-122.03635,solar
63.42.40.9,37.36883,-122.03635,solar
63.42.53.12,37.36883,-122.03635,solar
63.42.53.13,37.36883,-122.03635,solar
63.42.53.27,37.36883,-122.03635,solar
63.42.53.28,37.36883,-122.03635,solar
63.42.54.93,37.36883,-122.03635,solar
63.42.55.102,37.36883,-122.03635,solar
63.42.55.99,37.36883,-122.03635,solar
63.42.6.125,37.36883,-122.03635,solar
63.42.64.238,37.36883,-122.03635,solar
63.42.72.238,37.36883,-122.03635,solar
63.42.72.243,37.36883,-122.03635,solar
63.42.72.246,37.36883,-122.03635,solar
63.42.72.250,37.36883,-122.03635,solar
63.42.79.202,37.36883,-122.03635,solar
63.42.79.206,37.36883,-122.03635,solar
63.42.79.207,37.36883,-122.03635,solar
63.42.79.209,37.36883,-122.03635,solar
63.42.79.212,37.36883,-122.03635,solar
63.42.84.235,37.36883,-122.03635,solar
63.42.92.206,37.36883,-122.03635,solar
63.42.92.31,37.36883,-122.03635,solar
63.42.92.32,37.36883,-122.03635,solar
63.42.92.33,37.36883,-122.03635,solar
63.42.92.36,37.36883,-122.03635,solar
63.42.92.37,37.36883,-122.03635,solar
63.42.96.100,37.36883,-122.03635,solar
63.42.96.101,37.36883,-122.03635,solar
63.42.96.103,37.36883,-122.03635,solar
63.42.96.105,37.36883,-122.03635,solar
63.42.96.107,37.36883,-122.03635,solar
63.42.96.118,37.36883,-122.03635,solar
63.42.96.122,37.36883,-122.03635,solar
63.42.96.124,37.36883,-122.03635,solar
63.42.96.125,37.36883,-122.03635,solar
63.42.96.131,37.36883,-122.03635,solar
63.42.96.132,37.36883,-122.03635,solar
63.42.96.136,37.36883,-122.03635,solar
63.42.96.138,37.36883,-122.03635,solar
63.42.96.139,37.36883,-122.03635,solar
63.42.96.141,37.36883,-122.03635,solar
63.42.96.144,37.36883,-122.03635,solar
63.42.96.146,37.36883,-122.03635,solar
63.42.96.150,37.36883,-122.03635,solar
63.42.96.154,37.36883,-122.03635,solar
63.42.96.155,37.36883,-122.03635,solar
63.42.96.161,37.36883,-122.03635,solar
63.42.96.165,37.36883,-122.03635,solar
63.42.96.166,37.36883,-122.03635,solar
63.42.96.196,37.36883,-122.03635,solar
63.42.96.197,37.36883,-122.03635,solar
63.42.96.199,37.36883,-122.03635,solar
63.42.96.201,37.36883,-122.03635,solar
63.42.96.204,37.36883,-122.03635,solar
63.42.96.210,37.36883,-122.03635,solar
63.42.96.213,37.36883,-122.03635,solar
63.42.96.216,37.36883,-122.03635,solar
63.42.96.217,37.36883,-122.03635,solar
63.42.96.63,37.36883,-122.03635,solar
63.42.96.65,37.36883,-122.03635,solar
63.42.96.66,37.36883,-122.03635,solar
63.42.96.67,37.36883,-122.03635,solar
63.42.96.68,37.36883,-122.03635,solar
63.42.96.77,37.36883,-122.03635,solar
63.42.96.78,37.36883,-122.03635,solar
63.42.96.81,37.36883,-122.03635,solar
63.42.96.84,37.36883,-122.03635,solar
63.42.96.88,37.36883,-122.03635,solar
63.42.96.93,37.36883,-122.03635,solar
63.42.96.96,37.36883,-122.03635,solar
63.42.96.97,37.36883,-122.03635,solar
63.42.97.3,37.36883,-122.03635,solar
63.46.144.46,37.36883,-122.03635,solar
63.46.145.10,37.36883,-122.03635,solar
63.46.154.157,37.36883,-122.03635,solar
63.46.154.159,37.36883,-122.03635,solar
63.46.158.202,37.36883,-122.03635,solar
63.46.166.72,37.36883,-122.03635,solar
63.46.170.126,37.36883,-122.03635,solar
63.46.170.127,37.36883,-122.03635,solar
63.46.170.129,37.36883,-122.03635,solar
63.46.170.131,37.36883,-122.03635,solar
63.46.170.132,37.36883,-122.03635,solar
63.46.170.134,37.36883,-122.03635,solar
63.46.170.175,37.36883,-122.03635,solar
63.46.170.177,37.36883,-122.03635,solar
63.46.183.118,37.36883,-122.03635,solar
63.46.183.123,37.36883,-122.03635,solar
63.46.183.124,37.36883,-122.03635,solar
63.46.183.126,37.36883,-122.03635,solar
63.46.183.128,37.36883,-122.03635,solar
63.46.183.133,37.36883,-122.03635,solar
63.46.183.137,37.36883,-122.03635,solar
63.46.183.149,37.36883,-122.03635,solar
63.46.183.150,37.36883,-122.03635,solar
63.46.183.153,37.36883,-122.03635,solar
63.46.183.154,37.36883,-122.03635,solar
63.46.183.155,37.36883,-122.03635,solar
63.46.183.163,37.36883,-122.03635,solar
63.46.183.168,37.36883,-122.03635,solar
63.46.183.170,37.36883,-122.03635,solar
63.46.183.171,37.36883,-122.03635,solar
63.46.183.173,37.36883,-122.03635,solar
63.46.183.179,37.36883,-122.03635,solar
63.46.183.181,37.36883,-122.03635,solar
63.46.183.182,37.36883,-122.03635,solar
63.46.183.187,37.36883,-122.03635,solar
63.46.183.196,37.36883,-122.03635,solar
63.46.183.198,37.36883,-122.03635,solar
63.46.183.199,37.36883,-122.03635,solar
63.46.183.200,37.36883,-122.03635,solar
63.46.183.202,37.36883,-122.03635,solar
63.46.183.207,37.36883,-122.03635,solar
63.46.183.209,37.36883,-122.03635,solar
63.46.183.216,37.36883,-122.03635,solar
63.46.183.218,37.36883,-122.03635,solar
63.46.183.221,37.36883,-122.03635,solar
63.46.183.224,37.36883,-122.03635,solar
63.46.183.225,37.36883,-122.03635,solar
63.46.183.231,37.36883,-122.03635,solar
63.46.183.232,37.36883,-122.03635,solar
63.46.183.233,37.36883,-122.03635,solar
63.46.183.47,37.36883,-122.03635,solar
63.46.183.52,37.36883,-122.03635,solar
63.46.183.56,37.36883,-122.03635,solar
63.46.183.57,37.36883,-122.03635,solar
63.46.183.61,37.36883,-122.03635,solar
63.46.183.62,37.36883,-122.03635,solar
63.46.183.64,37.36883,-122.03635,solar
63.46.183.65,37.36883,-122.03635,solar
63.46.183.68,37.36883,-122.03635,solar
63.46.183.70,37.36883,-122.03635,solar
63.46.183.77,37.36883,-122.03635,solar
63.46.183.82,37.36883,-122.03635,solar
63.46.183.84,37.36883,-122.03635,solar
63.46.183.85,37.36883,-122.03635,solar
63.46.183.86,37.36883,-122.03635,solar
63.46.183.93,37.36883,-122.03635,solar
63.46.183.99,37.36883,-122.03635,solar
63.46.200.36,37.36883,-122.03635,solar
63.46.200.37,37.36883,-122.03635,solar
63.46.200.41,37.36883,-122.03635,solar
63.46.206.239,37.36883,-122.03635,solar
63.46.208.46,37.36883,-122.03635,solar
63.46.208.47,37.36883,-122.03635,solar
63.46.208.49,37.36883,-122.03635,solar
63.46.208.51,37.36883,-122.03635,solar
63.46.208.54,37.36883,-122.03635,solar
63.46.208.55,37.36883,-122.03635,solar
63.46.208.56,37.36883,-122.03635,solar
63.46.208.62,37.36883,-122.03635,solar
63.46.208.66,37.36883,-122.03635,solar
63.46.208.70,37.36883,-122.03635,solar
63.46.208.72,37.36883,-122.03635,solar
63.46.208.76,37.36883,-122.03635,solar
63.46.208.77,37.36883,-122.03635,solar
63.46.208.78,37.36883,-122.03635,solar
63.46.211.101,37.36883,-122.03635,solar
63.46.211.102,37.36883,-122.03635,solar
63.46.211.103,37.36883,-122.03635,solar
63.46.211.105,37.36883,-122.03635,solar
63.46.211.106,37.36883,-122.03635,solar
63.46.211.107,37.36883,-122.03635,solar
63.46.211.108,37.36883,-122.03635,solar
63.46.211.109,37.36883,-122.03635,solar
63.46.211.110,37.36883,-122.03635,solar
63.46.211.111,37.36883,-122.03635,solar
63.46.211.112,37.36883,-122.03635,solar
63.46.211.113,37.36883,-122.03635,solar
63.46.211.114,37.36883,-122.03635,solar
63.46.211.115,37.36883,-122.03635,solar
63.46.211.116,37.36883,-122.03635,solar
63.46.211.121,37.36883,-122.03635,solar
63.46.211.124,37.36883,-122.03635,solar
63.46.211.128,37.36883,-122.03635,solar
63.46.211.129,37.36883,-122.03635,solar
63.46.223.224,37.36883,-122.03635,solar
63.46.223.225,37.36883,-122.03635,solar
63.46.223.226,37.36883,-122.03635,solar
63.46.223.230,37.36883,-122.03635,solar
63.46.242.76,37.36883,-122.03635,solar
63.46.244.4,37.36883,-122.03635,solar
64.112.42.149,34.05223,-118.24368,solar
64.118.103.181,37.328,-119.64932,solar
64.18.244.243,36.09356,-119.199,solar
64.183.67.103,34.39166,-118.54259,solar
64.193.92.198,35.76884,-119.24705,solar
64.203.114.2,35.96856,-119.29178,solar
64.203.119.246,36.20773,-119.34734,solar
64.203.124.42,37.123,-120.26018,solar
64.227.48.223,37.35411,-121.95524,solar
64.227.49.250,37.35411,-121.95524,solar
64.23.167.246,37.35411,-121.95524,solar
64.23.212.242,37.35411,-121.95524,solar
64.62.172.122,37.80437,-122.2708,solar
64.62.178.221,37.80437,-122.2708,solar
64.71.171.100,37.33939,-121.89496,solar
64.71.171.192,37.33939,-121.89496,solar
64.71.4.100,37.33939,-121.89496,solar
64.71.4.101,37.33939,-121.89496,solar
64.71.4.98,37.33939,-121.89496,solar
64.71.4.99,37.33939,-121.89496,solar
65.111.231.54,37.1305,-121.65439,solar
65.49.192.132,34.05223,-118.24368,solar
65.49.198.173,34.05223,-118.24368,solar
65.49.206.175,34.05223,-118.24368,solar
65.49.206.25,34.05223,-118.24368,solar
65.78.187.9,38.58157,-121.4944,solar
66.103.197.66,34.05223,-118.24368,solar
66.103.221.4,34.05223,-118.24368,solar
66.112.211.152,34.05223,-118.24368,solar
66.119.120.241,37.1305,-121.65439,solar
66.181.3.2,32.71571,-117.16472,solar
66.215.85.214,33.95335,-117.39616,solar
66.27.186.192,34.11417,-116.43224,solar
66.29.141.151,34.05223,-118.24368,solar
66.42.110.128,34.05223,-118.24368,solar
66.42.98.207,34.05223,-118.24368,solar
66.60.189.139,38.5822,-121.4943,solar
66.74.204.124,33.7207,-116.21677,solar
66.74.77.53,33.72255,-116.37697,solar
66.75.22.31,34.89859,-117.02282,solar
66.85.111.153,33.83529,-117.9145,solar
67.204.35.234,36.20773,-119.34734,solar
67.204.56.214,37.13494,-120.49213,solar
67.21.74.170,34.05223,-118.24368,solar
67.21.74.171,34.05223,-118.24368,solar
67.21.74.172,34.05223,-118.24368,solar
67.21.74.173,34.05223,-118.24368,solar
67.21.74.174,34.05223,-118.24368,solar
67.21.86.154,34.05223,-118.24368,solar
67.21.86.155,34.05223,-118.24368,solar
67.21.86.156,34.05223,-118.24368,solar
67.21.86.157,34.05223,-118.24368,solar
67.21.86.158,34.05223,-118.24368,solar
67.220.72.109,34.05223,-118.24368,solar
67.230.174.111,34.05223,-118.24368,solar
67.230.191.141,34.05223,-118.24368,solar
67.53.114.182,34.16028,-118.65231,solar
67.58.231.39,38.58157,-121.4944,solar
68.119.148.59,34.14778,-118.14452,solar
68.183.248.51,37.35411,-121.95524,solar
68.183.250.192,37.35411,-121.95524,solar
68.21.135.96,33.87529,-117.56644,solar
68.7.92.150,32.71571,-117.16472,solar
68.78.73.41,38.64463,-121.27217,solar
69.10.160.11,40.58654,-122.39168,solar
69.194.15.136,34.05223,-118.24368,solar
69.36.206.62,41.31024,-122.31225,solar
69.46.67.10,37.35411,-121.95524,solar
69.46.67.12,37.35411,-121.95524,solar
69.46.67.13,37.35411,-121.95524,solar
69.48.199.193,39.93406,-120.89801,solar
69.62.225.41,38.58157,-121.4944,solar
69.62.245.157,38.58157,-121.4944,solar
69.62.250.104,38.58157,-121.4944,solar
69.80.244.136,37.6391,-120.99688,solar
69.80.244.151,37.05828,-120.84992,solar
69.80.245.163,37.6391,-120.99688,solar
69.80.245.164,37.6391,-120.99688,solar
69.80.245.165,37.6391,-120.99688,solar
69.80.245.167,37.6391,-120.99688,solar
69.80.246.90,37.43216,-120.77854,solar
70.167.182.93,32.71571,-117.16472,solar
70.167.186.156,32.71571,-117.16472,solar
70.95.210.84,32.71571,-117.16472,solar
71.128.12.228,32.71571,-117.16472,solar
71.19.144.51,37.33939,-121.89496,solar
71.198.107.28,38.10742,-122.5697,solar
72.132.131.205,34.03363,-117.04309,solar
72.132.202.134,33.8303,-116.54529,solar
72.132.38.60,33.72255,-116.37697,solar
72.134.67.162,33.15809,-117.35059,solar
72.214.18.138,32.71571,-117.16472,solar
72.249.203.145,34.05223,-118.24368,solar
72.251.174.105,38.58157,-121.4944,solar
72.4.190.126,37.95326,-120.4227,solar
72.52.116.228,37.33939,-121.89496,solar
73.158.156.201,37.36883,-122.03635,solar
73.170.91.136,38.44047,-122.71443,solar
73.185.84.45,39.72849,-121.83748,solar
73.241.146.194,37.70577,-122.46192,solar
73.71.250.234,36.97523,-121.95329,solar
73.90.66.232,36.33023,-119.29206,solar
74.123.248.13,36.67774,-121.6555,solar
74.123.249.14,36.67774,-121.6555,solar
74.123.250.71,36.77579,-121.66967,solar
74.123.252.107,36.50605,-121.76594,solar
74.211.96.203,34.05223,-118.24368,solar
74.48.211.225,34.05223,-118.24368,solar
74.48.25.49,34.05223,-118.24368,solar
74.48.33.181,34.05223,-118.24368,solar
74.48.78.96,34.05223,-118.24368,solar
74.62.244.105,33.74761,-116.97307,solar
74.62.244.106,33.74761,-116.97307,solar
75.101.38.241,38.40214,-122.82388,solar
75.109.249.101,40.78874,-124.13034,solar
75.142.119.31,33.76696,-118.18923,solar
75.149.36.20,36.60024,-121.89468,solar
75.51.44.34,37.35411,-121.95524,solar
75.8.213.65,37.35411,-121.95524,solar
75.80.148.49,34.05529,-117.75228,solar
75.80.34.94,32.71571,-117.16472,solar
76.132.128.218,37.80437,-122.2708,solar
76.170.243.162,33.87529,-117.56644,solar
76.175.86.129,34.10834,-117.28977,solar
76.191.162.161,37.93576,-122.34775,solar
76.191.179.159,37.72493,-122.15608,solar
76.198.31.38,37.38605,-122.08385,solar
76.247.186.34,37.33939,-121.89496,solar
76.248.43.188,33.66946,-117.82311,solar
76.248.43.189,33.66946,-117.82311,solar
76.72.146.88,36.85245,-121.4016,solar
76.72.151.155,36.84551,-121.538,solar
76.80.113.83,32.71571,-117.16472,solar
76.86.188.234,34.06334,-117.65089,solar
76.90.179.7,33.83141,-118.28202,solar
76.94.169.23,34.09223,-117.43505,solar
8.25.38.254,33.28892,-117.22559,solar
80.251.212.78,34.05223,-118.24368,solar
82.29.67.118,33.91918,-118.41647,solar
89.117.134.90,34.05223,-118.24368,solar
89.208.252.120,34.05223,-118.24368,solar
96.45.188.213,34.05223,-118.24368,solar
96.86.143.41,36.74773,-119.77237,solar
97.64.25.120,34.05223,-118.24368,solar
97.78.235.209,35.13219,-118.44897,solar
97.93.164.100,34.13639,-118.77453,solar
97.93.171.158,34.13362,-117.90756,solar
98.148.56.100,32.71571,-117.16472,solar
98.149.217.237,34.01949,-118.49138,solar
98.154.14.185,34.28556,-118.88204,solar
98.176.179.76,32.71571,-117.16472,solar
98.35.49.69,36.67774,-121.6555,solar
98.42.212.233,37.36883,-122.03635,solar
98.42.220.54,37.82159,-121.99996,solar
99.100.26.76,37.42827,-121.90662,solar
99.130.252.157,37.33939,-121.89496,solar
99.49.198.98,39.72849,-121.83748,solar
99.7.12.126,33.66946,-117.82311,solar
